rank,priority,capability,level,can_affect_quantity,takeoff_value,bbx_value,builds_on,evidence_needed,test,acceptance
1,P0,Sheet index (sheet id / title / issue / scale per page; project grammar; rotation aware),A,No,3,4,"document_intelligence._title_blocks; drawing_intelligence._sheet_ids; context_scope.drawing_title_by_page; drawing_scale","title-block region word; Phase 0 human sample","unit grammar tests + Phase 0 fixture on 8 PDFs",">=98% pages correct; OSSE S-122-O form read; unresolved explicit"
2,P0,Reference objects (stacked + inline bubbles) with resolution status,A/B,No,3,3,"drawing_intelligence._DETAIL_REF_RE; column_trace._bubbles; census scripts","bubble text + circle; target view title on target sheet","precision/recall on Phase 0 sample; census baseline 1171/1168",">=95% precision; Yellow Spring rotated found; no false missing on OSSE"
3,P0,Occurrence ledger per mark/section (defined / detected / listed / duplicate / definition-only),B,No (explains counts),5,4,"QuantityEngine eligibility; schedule mark map; column_schedule listed locations","same eligible predictions as takeoff","ledger total == QuantityEngine total per section","exact agreement on all 8 PDFs; definition-only marks listed"
4,P1,View index + extents (title-anchored 2D),A/B,Excl (scope; flag-gated),4,4,"detail_regions; view_scale; view_scope; DETAIL_PAGE_EXTENTS_PROTOTYPE","own-sheet view titles; borders; whitespace","IoU vs human boxes; takeoff before/after",">=90% views IoU>=0.8; totals unchanged unless reviewed"
5,P1,Grid registry per plan view,A/B,No,3,4,"column_trace _bubbles/_axes/_crossing; parse_column_location","bubble circle + axis line in same view","grid list vs human on 2 plans/project",">=98% printed grid names; zero feet-inch accepted as grid"
6,P1,Location string per counted occurrence (grid / level / sheet / view),B,No,3,5,"phases 1-5; level_evidence plan-title link","axes in same view; plan title level name","spot check 20 occurrences/project","no location without status; conflicts shown"
7,P1,BBX per-occurrence fields (member_box_status; sheet/view/grid; review_reason),B,Never,2,5,"member_geometry; predictionContract.js; BboxHighlight","member_geometry.available + association_method","contract + Vitest; browser check","null box shown as absent; no section/qty change"
8,P2,Plan -> detail review proposals (reference at member + leader + same view),B,No,2,3,"phases 2-4; repeated_detail_linker review pattern","E1 + E3 + E4 together","human review sample 30 proposals",">=90% accepted; none touches quantity"
9,P2,Scope + revision flags per sheet/view (existing / demo / alternate / delta),B/C,Excl after human acceptance,4,2,"drawing_intelligence _scope_signals/_existing_new; title block","quoted note text; view title; revision table","review on OSSE alternates + Washington Latin revisions","no exclusion without acceptance"
10,P2,Incomplete-label cross-reference candidates (L4x4 plan <-> single schedule definition),B,No (review only),3,2,"orchestrator incomplete-angle gate; mark map","same printed mark or reference + single definition in scope","synthetic + Burrville/Springhill sample","never completes; candidate only when unique"
11,P3,Plate / anchor rod accessory lines as separate takeoff family,A/B,Future separate gate,4,2,"schedule_grid plates; plate_grammar; column_schedule","headed plate dimensions + mark occurrences","before/after takeoff; double-count check","separate family; no change to member counts"
12,P3,Column tier length between levels,B/C,Future,4,2,"level_evidence; column_schedule tiers","paired elevations without conflict","reference fixture levels","only when both ends resolved and no conflict"
13,P3,ML title-block / view detector,B,No,2,3,"phases 1 and 3 baselines","labelled holdout","ml-audit vs deterministic","beats baseline on frozen holdout"
