Issue,PDF,Page,Severity,Status,Quantity impact,Next action
"Overlapping plate words interleaved by table.extract()","ST - Springhill Lake__f6ddc4a7e233.pdf",27,high,fixed and verified,"Three grid-location plates changed from unresolved garbage to the printed 1x18x18 size. They are not in the mark map.","None. Keep the overlapping-copy regression test."
"Inspection text on the same baseline as BP/CL rows","uploads/Struct.pdf",2,high,fixed and verified,"BP4-BP6 text cleaned. BP and CL still absent from the 12-entry mark map. C1-C6 and L1-L4 unchanged.","None for the inspection sentences."
"Compact elevation 14'-0"" LEVEL 1 not split","uploads/Structural4__3aa51f661bdf.pdf",42,medium,fixed and verified,"No endpoint or mark-map change. Pairing stays unpaired.","None."
"Spaced bands 29' - 0"" UPPER LEVEL and 14' - 0"" FIRST FLOOR","Burrville ES - ST.pdf; ST - Springhill Lake",28,low,correctly unresolved,"Pairing remains unpaired because the two parts belong to different drawn lines.","Do not force paired."
"ICF lintel wrapped second line omitted","uploads/Struct.pdf",2,low,still open,"CL6A CL8 and CL9 miss the stirrup line that is not on the mark baseline. Same as before this fix. CL5 CL7 CL9 stay unresolved.","Only if a later change can attach a wrapped line without pulling the next row."
"Masonry pier width stored as plate_text","uploads/Struct.pdf",2,medium,still open,"MP16 MP24 MP24A MP32 MP32A still store 16 24 or 32 inches as plate_text. Unchanged. Not in the mark map.","Confirm against the pier schedule before any plate-role change."
"Historical 383/414 marks and 264 counted items","uploads/Struct.pdf",all,medium,not reproducible,"Not measured. schedule_mark_map is 12 sections and is a different metric.","Locate the original script and expected-answer file. Do not invent a ground truth."
"Column trace A.3'-19 plan intersection","uploads/Structural4__3aa51f661bdf.pdf","42 schedule; plans 11 13 16 18 21 23",medium,ambiguous,"No quantity change. logical_stack_only. Bottom end unresolved.","Do not treat the candidate as column A.3' until the letter grid is confirmed."
"OSSE ST.pdf","Desktop/Testing Projects/OSSE - ST.pdf",26,high,passed reference test,"Fixture checks passed, including C.8-8.9 trace and CBP-2 plate. No quantity change.","None from this retest."
"Yellow Spring ST1.pdf","Desktop/Testing Projects/ST1.pdf",40,high,passed reference test,"Rotated schedule, P-21 difference 15'-4"", and trace passed. Pages 13-14 stayed out of the production grid.","None from this retest."
"Washington Latin structural","Desktop/Testing Projects/New bldg - St.pdf",23,high,passed reference test,"SEE PLAN levels resolved only where the fixture allows. THIRD and FOURTH FLOOR stay unresolved.","None from this retest."
"Fort Davis Structure - Copy1 - edit.pdf","Desktop/Testing Projects/Structure - Copy1 - edit.pdf",20,high,passed reference test,"Schedule level names read. No elevation was computed. No computed level differences.","None from this retest."
