project,pdf,page,rotation,sheet_id,sheet_title,issue,issue_date,scale,revision_inspected,revision_rows,render,verification,notes
furley,36 - Furley ES/Struct.pdf,1,0,S001,GENERAL NOTES,BID SET,11/14/2022,NOT PRINTED,True,[],renders/tb_furley_p1.png,read from render by AI agent; pending human spot-check,Title printed vertically with no label; project name/address repeat on every sheet. DATE/DESCRIPTION revision table empty. No scale in title block.
furley,36 - Furley ES/Struct.pdf,2,0,S002,INSPECTION TABLES AND SCHEDULES,BID SET,11/14/2022,NOT PRINTED,True,[],renders/tb_furley_p2.png,read from render by AI agent; pending human spot-check,Vertical unlabeled title.
furley,36 - Furley ES/Struct.pdf,3,0,S101A,FOUNDATION AND SLAB ON GRADE PLAN - AREA A,BID SET,11/14/2022,NOT PRINTED,True,[],renders/tb_furley_p3.png,read from render by AI agent; pending human spot-check,"Plan sheet; grid bubbles (EX4, 2, 3) and detail callouts sit just left of the title column."
furley,36 - Furley ES/Struct.pdf,19,0,S401,FOUNDATION SECTIONS,BID SET,11/14/2022,NOT PRINTED,True,[],renders/tb_furley_p19.png,read from render by AI agent; pending human spot-check,Target of the D/S401 callout; viewport titles on the sheet (e.g. 'D SECTION') differ from the sheet title.
furley,36 - Furley ES/Struct.pdf,24,0,S505,FRAMING SECTIONS,BID SET,11/14/2022,NOT PRINTED,True,[],renders/tb_furley_p24.png,read from render by AI agent; pending human spot-check,
burrville,51 - Burrvile ES/ST-Burrville.pdf,1,0,S-001,GENERAL NOTES,50% DESIGN DEVELOPMENT,4/7/2026,As indicated,True,[],renders/tb_burrville_p1.png,read from render by AI agent; pending human spot-check,Hyphenated sheet number. 'DRAWING TITLE:' label. No./Description/Date table empty (renders/rev_burrville_p1.png).
burrville,51 - Burrvile ES/ST-Burrville.pdf,5,0,S-101B,FOUNDATION AND 1ST FLOOR FRAMING PLAN PART B,50% DESIGN DEVELOPMENT,4/7/2026,As indicated,False,not inspected,renders/tb_burrville_p5.png,read from render by AI agent; pending human spot-check,Four-line title runs directly into the SCALE: label.
burrville,51 - Burrvile ES/ST-Burrville.pdf,12,0,S-103C,ROOF FRAMING PLAN PART C,50% DESIGN DEVELOPMENT,4/7/2026,As indicated,False,not inspected,renders/tb_burrville_p12.png,read from render by AI agent; pending human spot-check,
burrville,51 - Burrvile ES/ST-Burrville.pdf,20,0,S-207,TYPICAL DETAILS,50% DESIGN DEVELOPMENT,4/7/2026,As indicated,False,not inspected,renders/tb_burrville_p20.png,read from render by AI agent; pending human spot-check,
burrville,51 - Burrvile ES/ST-Burrville.pdf,29,0,S-502,COLUMN SCHEDULE,50% DESIGN DEVELOPMENT,4/7/2026,"1/8"" = 1'-0""",False,not inspected,renders/tb_burrville_p29.png,read from render by AI agent; pending human spot-check,
brandywine,09 - Brandywine/Structural4.pdf,1,0,S-000,GENERAL NOTES,65% DESIGN DEVELOPMENT,28 JANUARY 2025,"1"" = 1'-0""",True,"[["""", ""35% DD"", ""11/22/2023""], ["""", ""FTG PERMIT"", ""12/11/2024""], ["""", ""65% DD"", ""01/28/2025""]]",renders/tb_brandywine_p1.png,read from render by AI agent; pending human spot-check,"Title block also prints a graphic-scale caption 'SCALE : 1/8"" = 1'-0""' above the SCALE: field; the field value is recorded. Revision rows have no number (renders/rev_brandywine_p1.png)."
brandywine,09 - Brandywine/Structural4.pdf,4,0,S-003,FLOOR LOADING PLAN,65% DESIGN DEVELOPMENT,28 JANUARY 2025,"1"" = 30'-0""",False,not inspected,renders/tb_brandywine_p4.png,read from render by AI agent; pending human spot-check,"Graphic-scale caption 'SCALE : 1/8"" = 1'-0""' differs from the SCALE: field."
brandywine,09 - Brandywine/Structural4.pdf,20,0,S-134,LEVEL 3 FRAMING PLAN - AREA D,65% DESIGN DEVELOPMENT,28 JANUARY 2025,As indicated,False,not inspected,renders/tb_brandywine_p20.png,read from render by AI agent; pending human spot-check,
brandywine,09 - Brandywine/Structural4.pdf,35,0,S-510,TYPICAL STEEL FRAMING DETAILS,65% DESIGN DEVELOPMENT,28 JANUARY 2025,As indicated,False,not inspected,renders/tb_brandywine_p35.png,read from render by AI agent; pending human spot-check,
brandywine,09 - Brandywine/Structural4.pdf,43,0,S-601,COLUMN SCHEDULE,65% DESIGN DEVELOPMENT,28 JANUARY 2025,As indicated,True,"[["""", ""FTG PERMIT"", ""12/11/2024""], ["""", ""65% DD"", ""01/28/2025""]]",renders/tb_brandywine_p43.png,read from render by AI agent; pending human spot-check,Revision rows differ from page 1 (renders/rev_brandywine_p43.png).
springhill,55 - Springhill Lake/ST - Springhill Lake.pdf,1,0,S-001,GENERAL NOTES,FINAL CONSTRUCTION DOCUMENTS,06 APRIL 2026,NOT TO SCALE,True,"[[""1"", ""65% DD"", ""2025/09/26""], [""2"", ""95% DD"", ""2025/12/17""], [""3"", ""BLDG. PERMIT"", ""2026/1/16""], [""4"", ""FTG PERMIT"", ""2026/03/20""], [""5"", ""FINAL CONSTRUCTION DOCUMENTS"", ""2026/04/06""]]",renders/tb_springhill_p1.png,read from render by AI agent; pending human spot-check,Revision table renders/rev_springhill_p1.png; row 5 description wraps onto two lines.
springhill,55 - Springhill Lake/ST - Springhill Lake.pdf,5,0,S-111A,FOUNDATION AND FIRST FLOOR FRAMING PLAN - PART A,FINAL CONSTRUCTION DOCUMENTS,06 APRIL 2026,As indicated,False,not inspected,renders/tb_springhill_p5.png,read from render by AI agent; pending human spot-check,"The drawing area carries vertical 'SEE S-111B' match-line notes; graphic-scale caption 'SCALE : 1/8"" = 1'-0""' also printed."
springhill,55 - Springhill Lake/ST - Springhill Lake.pdf,14,0,S-204,TYPICAL DETAILS,FINAL CONSTRUCTION DOCUMENTS,06 APRIL 2026,NOT TO SCALE,False,not inspected,renders/tb_springhill_p14.png,read from render by AI agent; pending human spot-check,
springhill,55 - Springhill Lake/ST - Springhill Lake.pdf,22,0,S-401,ELEVATIONS,FINAL CONSTRUCTION DOCUMENTS,06 APRIL 2026,As indicated,False,not inspected,renders/tb_springhill_p22.png,read from render by AI agent; pending human spot-check,
springhill,55 - Springhill Lake/ST - Springhill Lake.pdf,28,0,S-601,STORAGE SHED FRAMING PLANS AND SECTIONS,FINAL CONSTRUCTION DOCUMENTS,06 APRIL 2026,As indicated,True,"[[""1"", ""65% DD"", ""2025/09/26""], [""2"", ""95% DD"", ""2025/12/17""], [""3"", ""BLDG. PERMIT"", ""2026/1/16""], [""4"", ""FTG PERMIT"", ""2026/03/20""], [""5"", ""FINAL CONSTRUCTION DOCUMENTS"", ""2026/04/06""]]",renders/tb_springhill_p28.png,read from render by AI agent; pending human spot-check,"Graphic-scale caption 'SCALE : 3/4"" = 1'-0""' differs from the SCALE: field."
osse,07 - FEMS & OSSE/OSSE - ST.pdf,1,0,S-000-O,GENERAL NOTES,Permit Submission,10/12/2023,NOT PRINTED,True,[],renders/tb_osse_p1.png,read from render by AI agent; pending human spot-check,Building-suffix sheet numbers. Small 'Title:' label left of the title. #/Date/Change Description table empty. Seal also carries 10/12/2023.
osse,07 - FEMS & OSSE/OSSE - ST.pdf,5,0,S-101-O,OSSE PARKING FOUNDATION AND FIRST FLOOR PLAN,Permit Submission,10/12/2023,NOT PRINTED,True,[],renders/tb_osse_p5.png,read from render by AI agent; pending human spot-check,
osse,07 - FEMS & OSSE/OSSE - ST.pdf,10,0,S-122-O,OSSE FACILITY SECOND FLOOR PLAN,Permit Submission,10/12/2023,NOT PRINTED,True,[],renders/tb_osse_p10.png,read from render by AI agent; pending human spot-check,Acceptance case: the plan also carries many S-221-O / S-421-O callouts.
osse,07 - FEMS & OSSE/OSSE - ST.pdf,15,0,S-401-O,SUPERSTURCTURE SECTIONS,Permit Submission,10/12/2023,NOT PRINTED,True,[],renders/tb_osse_p15.png,read from render by AI agent; pending human spot-check,Title misspelled on the drawing; recorded verbatim.
osse,07 - FEMS & OSSE/OSSE - ST.pdf,26,0,S-602-O,OSSE PARKING AND OSSE BUILDING COLUMN SCHEDULE,Permit Submission,10/12/2023,NOT PRINTED,True,[],renders/tb_osse_p26.png,read from render by AI agent; pending human spot-check,Three-line title.
yellowspring,00 - Yellow Spring/ST1.pdf,1,90,S0.01,GENERAL NOTES,NOT PRINTED,03/20/25,"1/8"" = 1'-0""",True,"[[""1"", ""BID SET"", ""03/20/25""]]",renders/tb_yellowspring_p1.png,read from render by AI agent; pending human spot-check,Page /Rotate 90. 'SHEET NO:' / 'SHEET TITLE:' / 'DATE:' labels. Issue appears only as a PRINTS ISSUED table row (renders/rev_yellowspring_p1.png). A plot timestamp '3/17/2025 9:26:43 AM' sits under the block.
yellowspring,00 - Yellow Spring/ST1.pdf,5,90,S2.01,PARTIAL FLOOR AND ROOF FRAMING PLAN - AREA A,NOT PRINTED,03/20/25,As indicated,False,not inspected,renders/tb_yellowspring_p5.png,read from render by AI agent; pending human spot-check,
yellowspring,00 - Yellow Spring/ST1.pdf,13,90,S2.09,COLUMN SCHEDULE,NOT PRINTED,03/20/25,"1/8"" = 1'-0""",False,not inspected,renders/tb_yellowspring_p13.png,read from render by AI agent; pending human spot-check,
yellowspring,00 - Yellow Spring/ST1.pdf,25,90,S3.11,SECTIONS,NOT PRINTED,03/20/25,As indicated,False,not inspected,renders/tb_yellowspring_p25.png,read from render by AI agent; pending human spot-check,
yellowspring,00 - Yellow Spring/ST1.pdf,40,90,S4.06,TYPICAL DETAILS AND SPECIAL JOIST DIAGRAMS,NOT PRINTED,03/20/25,"3/4"" = 1'-0""",True,"[[""1"", ""BID SET"", ""03/20/25""]]",renders/tb_yellowspring_p40.png,read from render by AI agent; pending human spot-check,renders/rev_yellowspring_p40.png
washlatin,01 - Washington Latin/New bldg - St.pdf,1,0,S-001,STRUCTURAL NOTES,100% CONSTRUCTION DOCUMENTS,"JANUARY 12, 2024","1/8"" = 1'-0""",True,"[[""1"", ""ADDENDUM"", ""11/29/2023""], [""2"", ""ADDENDUM 2"", ""12/15/2023""]]",renders/tb_washlatin_p1.png,read from render by AI agent; pending human spot-check,Bottom-strip title block: DRAWING TITLE / DRAWING NUMBER / DRAWING DATE / DRAWING SCALE labels. 'DRAWING TYPE ARCHITECTURAL' is printed on structural sheets.
washlatin,01 - Washington Latin/New bldg - St.pdf,5,0,S-005,TYPICAL DETAILS,100% CONSTRUCTION DOCUMENTS,"JANUARY 12, 2024",As indicated,True,[],renders/tb_washlatin_p5.png,read from render by AI agent; pending human spot-check,No revision rows on this sheet.
washlatin,01 - Washington Latin/New bldg - St.pdf,12,0,S-104,FOURTH FLOOR FRAMING PLAN,100% CONSTRUCTION DOCUMENTS,"JANUARY 12, 2024","1/8"" = 1'-0""",True,"[[""1"", ""ADDENDUM"", ""11/29/2023""], [""2"", ""ADDENDUM 2"", ""12/15/2023""]]",renders/tb_washlatin_p12.png,read from render by AI agent; pending human spot-check,
washlatin,01 - Washington Latin/New bldg - St.pdf,18,0,S-301,FOUNDATION SECTIONS,100% CONSTRUCTION DOCUMENTS,"JANUARY 12, 2024",As indicated,True,"[[""2"", ""ADDENDUM 2"", ""12/15/2023""]]",renders/tb_washlatin_p18.png,read from render by AI agent; pending human spot-check,Only revision 2 on this sheet.
washlatin,01 - Washington Latin/New bldg - St.pdf,23,0,S-504,SECTIONS,100% CONSTRUCTION DOCUMENTS,"JANUARY 12, 2024",As indicated,True,"[[""1"", ""ADDENDUM"", ""11/29/2023""], [""2"", ""ADDENDUM 2"", ""12/15/2023""]]",renders/tb_washlatin_p23.png,read from render by AI agent; pending human spot-check,
fortdavis,08 - Fort Davis Community Center/Structure - Copy1 - edit.pdf,1,0,S001,STRUCTURAL NOTES,50% CONSTRUCTION DOCUMENTS,2025/06/18,1 : 1,False,not inspected,renders/tb_fortdavis_p1.png,read from render by AI agent; pending human spot-check,Unhyphenated sheet number in the same title-block family as Burrville.
fortdavis,08 - Fort Davis Community Center/Structure - Copy1 - edit.pdf,5,0,S011,WIND LOAD DIAGRAMS,50% CONSTRUCTION DOCUMENTS,2025/06/18,As indicated,False,not inspected,renders/tb_fortdavis_p5.png,read from render by AI agent; pending human spot-check,"Viewport titles on the sheet (e.g. 'DETAIL', 'COMPONENTS AND CLADDING ROOF WIND PRESSURE DIAGRAM') differ from the sheet title."
fortdavis,08 - Fort Davis Community Center/Structure - Copy1 - edit.pdf,10,0,S120,BUILDING ELEVATIONS,50% CONSTRUCTION DOCUMENTS,2025/06/18,"1/8"" = 1'-0""",False,not inspected,renders/tb_fortdavis_p10.png,read from render by AI agent; pending human spot-check,
fortdavis,08 - Fort Davis Community Center/Structure - Copy1 - edit.pdf,15,0,S301,STEEL AND CONCRETE COLUMN LOCATION PLAN AND SCHEDULE,50% CONSTRUCTION DOCUMENTS,2025/06/18,As indicated,False,not inspected,renders/tb_fortdavis_p15.png,read from render by AI agent; pending human spot-check,Four-line title touching the SCALE: label.
fortdavis,08 - Fort Davis Community Center/Structure - Copy1 - edit.pdf,20,0,S402,ROOF FRAMING SECTIONS,50% CONSTRUCTION DOCUMENTS,2025/06/18,As indicated,True,[],renders/tb_fortdavis_p20.png,read from render by AI agent; pending human spot-check,No./Description/Date table empty (renders/rev_fortdavis_p20.png).
