project,pdf_path,page_number,rendered_image,sample_group,expected_sheet_id,observed_sheet_id,sheet_id_result,title_result,issue_revision_result,date_result,scale_result,rotation_bbox_result,evidence_result,discrepancy_description,severity,requires_human_decision,audit_status
furley,36 - Furley ES/Struct.pdf,1,renders/tb_furley_p1.png,ground_truth,S001,S001,pass,pass,pass,pass,pass,pass,pass,,none,no,visually_verified
furley,36 - Furley ES/Struct.pdf,2,renders/tb_furley_p2.png,ground_truth,S002,S002,pass,pass,pass,pass,pass,pass,pass,,none,no,visually_verified
furley,36 - Furley ES/Struct.pdf,3,renders/tb_furley_p3.png,ground_truth,S101A,S101A,pass,pass,pass,pass,pass,pass,pass,,none,no,visually_verified
furley,36 - Furley ES/Struct.pdf,10,renders/ho_furley_p10.png,holdout,S102D,S102D,pass,pass,pass,pass,pass,pass,pass,,none,no,visually_verified
furley,36 - Furley ES/Struct.pdf,19,renders/tb_furley_p19.png,ground_truth,S401,S401,pass,pass,pass,pass,pass,pass,pass,,none,no,visually_verified
furley,36 - Furley ES/Struct.pdf,20,renders/ho_furley_p20.png,holdout,S501,S501,pass,pass,pass,pass,pass,pass,pass,,none,no,visually_verified
furley,36 - Furley ES/Struct.pdf,24,renders/tb_furley_p24.png,ground_truth,S505,S505,pass,pass,pass,pass,pass,pass,pass,,none,no,visually_verified
burrville,51 - Burrvile ES/ST-Burrville.pdf,1,renders/tb_burrville_p1.png,ground_truth,S-001,S-001,pass,pass,pass,pass,pass,pass,pass,,none,no,visually_verified
burrville,51 - Burrvile ES/ST-Burrville.pdf,3,renders/ho_burrville_p3.png,holdout,S-003,S-003,pass,pass,pass,pass,pass,pass,pass,,none,no,visually_verified
burrville,51 - Burrvile ES/ST-Burrville.pdf,5,renders/tb_burrville_p5.png,ground_truth,S-101B,S-101B,pass,pass,pass,pass,pass,pass,pass,,none,no,visually_verified
burrville,51 - Burrvile ES/ST-Burrville.pdf,12,renders/tb_burrville_p12.png,ground_truth,S-103C,S-103C,pass,pass,pass,pass,pass,pass,pass,,none,no,visually_verified
burrville,51 - Burrvile ES/ST-Burrville.pdf,15,renders/ho_burrville_p15.png,holdout,S-202,S-202,pass,pass,pass,pass,pass,pass,pass,,none,no,visually_verified
burrville,51 - Burrvile ES/ST-Burrville.pdf,20,renders/tb_burrville_p20.png,ground_truth,S-207,S-207,pass,pass,pass,pass,pass,pass,pass,,none,no,visually_verified
burrville,51 - Burrvile ES/ST-Burrville.pdf,29,renders/tb_burrville_p29.png,ground_truth,S-502,S-502,pass,pass,pass,pass,pass,pass,pass,,none,no,visually_verified
brandywine,09 - Brandywine/Structural4.pdf,1,renders/tb_brandywine_p1.png,ground_truth,S-000,S-000,pass,pass,pass,pass,pass,pass,pass,,none,no,visually_verified
brandywine,09 - Brandywine/Structural4.pdf,4,renders/tb_brandywine_p4.png,ground_truth,S-003,S-003,pass,pass,pass,pass,pass,pass,pass,,none,no,visually_verified
brandywine,09 - Brandywine/Structural4.pdf,10,renders/ho_brandywine_p10.png,holdout,S-114,S-114,pass,pass,pass,pass,pass,pass,pass,,none,no,visually_verified
brandywine,09 - Brandywine/Structural4.pdf,20,renders/tb_brandywine_p20.png,ground_truth,S-134,S-134,pass,pass,pass,pass,pass,pass,pass,,none,no,visually_verified
brandywine,09 - Brandywine/Structural4.pdf,30,renders/ho_brandywine_p30.png,holdout,S-302,S-302,pass,pass,pass,pass,pass,pass,pass,,none,no,visually_verified
brandywine,09 - Brandywine/Structural4.pdf,35,renders/tb_brandywine_p35.png,ground_truth,S-510,S-510,pass,pass,pass,pass,pass,pass,pass,,none,no,visually_verified
brandywine,09 - Brandywine/Structural4.pdf,43,renders/tb_brandywine_p43.png,ground_truth,S-601,S-601,pass,pass,pass,pass,pass,pass,pass,,none,no,visually_verified
springhill,55 - Springhill Lake/ST - Springhill Lake.pdf,1,renders/tb_springhill_p1.png,ground_truth,S-001,S-001,pass,pass,pass,pass,pass,pass,pass,,none,no,visually_verified
springhill,55 - Springhill Lake/ST - Springhill Lake.pdf,5,renders/tb_springhill_p5.png,ground_truth,S-111A,S-111A,pass,pass,pass,pass,pass,pass,pass,,none,no,visually_verified
springhill,55 - Springhill Lake/ST - Springhill Lake.pdf,10,renders/ho_springhill_p10.png,holdout,S-113B,S-113B,pass,pass,pass,pass,pass,pass,pass,,none,no,visually_verified
springhill,55 - Springhill Lake/ST - Springhill Lake.pdf,14,renders/tb_springhill_p14.png,ground_truth,S-204,S-204,pass,pass,pass,pass,pass,pass,pass,,none,no,visually_verified
springhill,55 - Springhill Lake/ST - Springhill Lake.pdf,20,renders/ho_springhill_p20.png,holdout,S-321,S-321,pass,pass,pass,pass,pass,pass,pass,,none,no,visually_verified
springhill,55 - Springhill Lake/ST - Springhill Lake.pdf,22,renders/tb_springhill_p22.png,ground_truth,S-401,S-401,pass,pass,pass,pass,pass,pass,pass,,none,no,visually_verified
springhill,55 - Springhill Lake/ST - Springhill Lake.pdf,28,renders/tb_springhill_p28.png,ground_truth,S-601,S-601,pass,pass,pass,pass,pass,pass,pass,,none,no,visually_verified
osse,07 - FEMS & OSSE/OSSE - ST.pdf,1,renders/tb_osse_p1.png,ground_truth,S-000-O,S-000-O,pass,pass,pass,pass,pass,pass,pass,,none,no,visually_verified
osse,07 - FEMS & OSSE/OSSE - ST.pdf,2,renders/ho_osse_p2.png,holdout,S-001-O,S-001-O,pass,pass,pass,pass,pass,pass,pass,,none,no,visually_verified
osse,07 - FEMS & OSSE/OSSE - ST.pdf,5,renders/tb_osse_p5.png,ground_truth,S-101-O,S-101-O,pass,pass,pass,pass,pass,pass,pass,,none,no,visually_verified
osse,07 - FEMS & OSSE/OSSE - ST.pdf,10,renders/tb_osse_p10.png,ground_truth,S-122-O,S-122-O,pass,pass,pass,pass,pass,pass,pass,,none,no,visually_verified
osse,07 - FEMS & OSSE/OSSE - ST.pdf,15,renders/tb_osse_p15.png,ground_truth,S-401-O,S-401-O,pass,pass,pass,pass,pass,pass,pass,,none,no,visually_verified
osse,07 - FEMS & OSSE/OSSE - ST.pdf,20,renders/ho_osse_p20.png,holdout,S-503-O,S-503-O,pass,pass,pass,pass,pass,pass,pass,,none,no,visually_verified
osse,07 - FEMS & OSSE/OSSE - ST.pdf,26,renders/tb_osse_p26.png,ground_truth,S-602-O,S-602-O,pass,pass,pass,pass,pass,pass,pass,,none,no,visually_verified
yellowspring,00 - Yellow Spring/ST1.pdf,1,renders/tb_yellowspring_p1.png,ground_truth,S0.01,S0.01,pass,pass,pass,pass,pass,pass,pass,,none,no,visually_verified
yellowspring,00 - Yellow Spring/ST1.pdf,5,renders/tb_yellowspring_p5.png,ground_truth,S2.01,S2.01,pass,pass,pass,pass,pass,pass,pass,,none,no,visually_verified
yellowspring,00 - Yellow Spring/ST1.pdf,8,renders/ho_yellowspring_p8.png,holdout,S2.04,S2.04,pass,pass,pass,pass,pass,pass,pass,,none,no,visually_verified
yellowspring,00 - Yellow Spring/ST1.pdf,13,renders/tb_yellowspring_p13.png,ground_truth,S2.09,S2.09,pass,pass,pass,pass,pass,pass,pass,,none,no,visually_verified
yellowspring,00 - Yellow Spring/ST1.pdf,25,renders/tb_yellowspring_p25.png,ground_truth,S3.11,S3.11,pass,pass,pass,pass,pass,pass,pass,,none,no,visually_verified
yellowspring,00 - Yellow Spring/ST1.pdf,30,renders/ho_yellowspring_p30.png,holdout,S3.16,S3.16,pass,pass,pass,pass,pass,pass,pass,,none,no,visually_verified
yellowspring,00 - Yellow Spring/ST1.pdf,40,renders/tb_yellowspring_p40.png,ground_truth,S4.06,S4.06,pass,pass,pass,pass,pass,pass,pass,,none,no,visually_verified
washlatin,01 - Washington Latin/New bldg - St.pdf,1,renders/tb_washlatin_p1.png,ground_truth,S-001,S-001,pass,pass,pass,pass,pass,pass,pass,,none,no,visually_verified
washlatin,01 - Washington Latin/New bldg - St.pdf,5,renders/tb_washlatin_p5.png,ground_truth,S-005,S-005,pass,pass,pass,pass,pass,pass,pass,,none,no,visually_verified
washlatin,01 - Washington Latin/New bldg - St.pdf,8,renders/ho_washlatin_p8.png,holdout,S-100,S-100,pass,pass,pass,pass,pass,pass,pass,,none,no,visually_verified
washlatin,01 - Washington Latin/New bldg - St.pdf,12,renders/tb_washlatin_p12.png,ground_truth,S-104,S-104,pass,pass,pass,pass,pass,pass,pass,,none,no,visually_verified
washlatin,01 - Washington Latin/New bldg - St.pdf,18,renders/tb_washlatin_p18.png,ground_truth,S-301,S-301,pass,pass,pass,pass,pass,pass,pass,,none,no,visually_verified
washlatin,01 - Washington Latin/New bldg - St.pdf,19,renders/ho_washlatin_p19.png,holdout,S-401,S-401,pass,pass,pass,pass,pass,pass,pass,,none,no,visually_verified
washlatin,01 - Washington Latin/New bldg - St.pdf,23,renders/tb_washlatin_p23.png,ground_truth,S-504,S-504,pass,pass,pass,pass,pass,pass,pass,,none,no,visually_verified
fortdavis,08 - Fort Davis Community Center/Structure - Copy1 - edit.pdf,1,renders/tb_fortdavis_p1.png,ground_truth,S001,S001,pass,pass,pass,pass,pass,pass,pass,,none,no,visually_verified
fortdavis,08 - Fort Davis Community Center/Structure - Copy1 - edit.pdf,3,renders/ho_fortdavis_p3.png,holdout,S003,S003,pass,pass,pass,pass,pass,pass,pass,,none,no,visually_verified
fortdavis,08 - Fort Davis Community Center/Structure - Copy1 - edit.pdf,5,renders/tb_fortdavis_p5.png,ground_truth,S011,S011,pass,pass,pass,pass,pass,pass,pass,,none,no,visually_verified
fortdavis,08 - Fort Davis Community Center/Structure - Copy1 - edit.pdf,10,renders/tb_fortdavis_p10.png,ground_truth,S120,S120,pass,pass,pass,pass,pass,pass,pass,,none,no,visually_verified
fortdavis,08 - Fort Davis Community Center/Structure - Copy1 - edit.pdf,12,renders/ho_fortdavis_p12.png,holdout,S202,S202,pass,pass,pass,pass,pass,pass,pass,,none,no,visually_verified
fortdavis,08 - Fort Davis Community Center/Structure - Copy1 - edit.pdf,15,renders/tb_fortdavis_p15.png,ground_truth,S301,S301,pass,pass,pass,pass,pass,pass,pass,,none,no,visually_verified
fortdavis,08 - Fort Davis Community Center/Structure - Copy1 - edit.pdf,20,renders/tb_fortdavis_p20.png,ground_truth,S402,S402,pass,pass,pass,pass,pass,pass,pass,,none,no,visually_verified
