project,pdf,page,rotation,expected_sheet_id,predicted_sheet_id,sheet_id_status,sheet_id_result,legacy_sheet_id,legacy_result,expected_title,predicted_title,title_status,title_result,expected_issue,predicted_issue,issue_result,expected_issue_date,predicted_issue_date,issue_date_result,expected_scale,predicted_scale,scale_status,scale_result,expected_revisions,predicted_revisions,revision_status,revision_result,evidence,notes
furley,Struct.pdf,1,0,S001,S001,read,correct,S001,correct,GENERAL NOTES,GENERAL NOTES,read_unlabeled,correct,BID SET,BID SET,correct,11/14/2022,11/14/2022,correct,,,not_shown,correct,[],[],none_printed,correct,sheet-number slot shared by the set's title blocks | issue text 'BID SET'; date beside the issue text,Title printed vertically with no label; project name/address repeat on every sheet. DATE/DESCRIPTION revision table empty. No scale in title block.
furley,Struct.pdf,2,0,S002,S002,read,correct,S002,correct,INSPECTION TABLES AND SCHEDULES,INSPECTION TABLES AND SCHEDULES,read_unlabeled,correct,BID SET,BID SET,correct,11/14/2022,11/14/2022,correct,,,not_shown,correct,[],[],none_printed,correct,sheet-number slot shared by the set's title blocks | issue text 'BID SET'; date beside the issue text,Vertical unlabeled title.
furley,Struct.pdf,3,0,S101A,S101A,read,correct,S101A,correct,FOUNDATION AND SLAB ON GRADE PLAN - AREA A,FOUNDATION AND SLAB ON GRADE PLAN - AREA A,read_unlabeled,correct,BID SET,BID SET,correct,11/14/2022,11/14/2022,correct,,,not_shown,correct,[],[],none_printed,correct,sheet-number slot shared by the set's title blocks | issue text 'BID SET'; date beside the issue text,"Plan sheet; grid bubbles (EX4, 2, 3) and detail callouts sit just left of the title column."
furley,Struct.pdf,19,0,S401,S401,read,correct,S401,correct,FOUNDATION SECTIONS,FOUNDATION SECTIONS,read_unlabeled,correct,BID SET,BID SET,correct,11/14/2022,11/14/2022,correct,,,not_shown,correct,[],[],none_printed,correct,sheet-number slot shared by the set's title blocks | issue text 'BID SET'; date beside the issue text,Target of the D/S401 callout; viewport titles on the sheet (e.g. 'D SECTION') differ from the sheet title.
furley,Struct.pdf,24,0,S505,S505,read,correct,S505,correct,FRAMING SECTIONS,FRAMING SECTIONS,read_unlabeled,correct,BID SET,BID SET,correct,11/14/2022,11/14/2022,correct,,,not_shown,correct,[],[],none_printed,correct,sheet-number slot shared by the set's title blocks | issue text 'BID SET'; date beside the issue text,
burrville,ST-Burrville.pdf,1,0,S-001,S-001,read,correct,S001,correct,GENERAL NOTES,GENERAL NOTES,read,correct,50% DESIGN DEVELOPMENT,50% DESIGN DEVELOPMENT,correct,4/7/2026,4/7/2026,correct,As indicated,As indicated,read,correct,[],[],none_printed,correct,sheet-number slot shared by the set's title blocks | issue text '50% DESIGN DEVELOPMENT'; date beside the issue text,Hyphenated sheet number. 'DRAWING TITLE:' label. No./Description/Date table empty (renders/rev_burrville_p1.png).
burrville,ST-Burrville.pdf,5,0,S-101B,S-101B,read,correct,S101B,correct,FOUNDATION AND 1ST FLOOR FRAMING PLAN PART B,FOUNDATION AND 1ST FLOOR FRAMING PLAN PART B,read,correct,50% DESIGN DEVELOPMENT,50% DESIGN DEVELOPMENT,correct,4/7/2026,4/7/2026,correct,As indicated,As indicated,read,correct,not inspected,[],none_printed,not_inspected,sheet-number slot shared by the set's title blocks | issue text '50% DESIGN DEVELOPMENT'; date beside the issue text,Four-line title runs directly into the SCALE: label.
burrville,ST-Burrville.pdf,12,0,S-103C,S-103C,read,correct,S103C,correct,ROOF FRAMING PLAN PART C,ROOF FRAMING PLAN PART C,read,correct,50% DESIGN DEVELOPMENT,50% DESIGN DEVELOPMENT,correct,4/7/2026,4/7/2026,correct,As indicated,As indicated,read,correct,not inspected,[],none_printed,not_inspected,sheet-number slot shared by the set's title blocks | issue text '50% DESIGN DEVELOPMENT'; date beside the issue text,
burrville,ST-Burrville.pdf,20,0,S-207,S-207,read,correct,S207,correct,TYPICAL DETAILS,TYPICAL DETAILS,read,correct,50% DESIGN DEVELOPMENT,50% DESIGN DEVELOPMENT,correct,4/7/2026,4/7/2026,correct,As indicated,As indicated,read,correct,not inspected,[],none_printed,not_inspected,sheet-number slot shared by the set's title blocks | issue text '50% DESIGN DEVELOPMENT'; date beside the issue text,
burrville,ST-Burrville.pdf,29,0,S-502,S-502,read,correct,S502,correct,COLUMN SCHEDULE,COLUMN SCHEDULE,read,correct,50% DESIGN DEVELOPMENT,50% DESIGN DEVELOPMENT,correct,4/7/2026,4/7/2026,correct,"1/8"" = 1'-0""","1/8"" = 1'-0""",read,correct,not inspected,[],none_printed,not_inspected,sheet-number slot shared by the set's title blocks | issue text '50% DESIGN DEVELOPMENT'; date beside the issue text,
brandywine,Structural4.pdf,1,0,S-000,S-000,read,correct,S000,correct,GENERAL NOTES,GENERAL NOTES,read,correct,65% DESIGN DEVELOPMENT,65% DESIGN DEVELOPMENT,correct,28 JANUARY 2025,28 JANUARY 2025,correct,"1"" = 1'-0""","1"" = 1'-0""",read,correct,"[["""", ""35% DD"", ""11/22/2023""], ["""", ""FTG PERMIT"", ""12/11/2024""], ["""", ""65% DD"", ""01/28/2025""]]","[["""", ""35% DD"", ""11/22/2023""], ["""", ""FTG PERMIT"", ""12/11/2024""], ["""", ""65% DD"", ""01/28/2025""]]",read,correct,sheet-number slot shared by the set's title blocks | issue text '65% DESIGN DEVELOPMENT'; date beside the issue text,"Title block also prints a graphic-scale caption 'SCALE : 1/8"" = 1'-0""' above the SCALE: field; the field value is recorded. Revision rows have no number (renders/rev_brandywine_p1.png)."
brandywine,Structural4.pdf,4,0,S-003,S-003,read,correct,S003,correct,FLOOR LOADING PLAN,FLOOR LOADING PLAN,read,correct,65% DESIGN DEVELOPMENT,65% DESIGN DEVELOPMENT,correct,28 JANUARY 2025,28 JANUARY 2025,correct,"1"" = 30'-0""","1"" = 30'-0""",read,correct,not inspected,"[["""", ""FTG PERMIT"", ""12/11/2024""], ["""", ""65% DD"", ""01/28/2025""]]",read,not_inspected,sheet-number slot shared by the set's title blocks | issue text '65% DESIGN DEVELOPMENT'; date beside the issue text,"Graphic-scale caption 'SCALE : 1/8"" = 1'-0""' differs from the SCALE: field."
brandywine,Structural4.pdf,20,0,S-134,S-134,read,correct,S134,correct,LEVEL 3 FRAMING PLAN - AREA D,LEVEL 3 FRAMING PLAN - AREA D,read,correct,65% DESIGN DEVELOPMENT,65% DESIGN DEVELOPMENT,correct,28 JANUARY 2025,28 JANUARY 2025,correct,As indicated,As indicated,read,correct,not inspected,"[["""", ""65% DD"", ""01/28/2025""]]",read,not_inspected,sheet-number slot shared by the set's title blocks | issue text '65% DESIGN DEVELOPMENT'; date beside the issue text,
brandywine,Structural4.pdf,35,0,S-510,S-510,read,correct,S510,correct,TYPICAL STEEL FRAMING DETAILS,TYPICAL STEEL FRAMING DETAILS,read,correct,65% DESIGN DEVELOPMENT,65% DESIGN DEVELOPMENT,correct,28 JANUARY 2025,28 JANUARY 2025,correct,As indicated,As indicated,read,correct,not inspected,"[["""", ""65% DD"", ""01/28/2025""]]",read,not_inspected,sheet-number slot shared by the set's title blocks | issue text '65% DESIGN DEVELOPMENT'; date beside the issue text,
brandywine,Structural4.pdf,43,0,S-601,S-601,read,correct,S601,correct,COLUMN SCHEDULE,COLUMN SCHEDULE,read,correct,65% DESIGN DEVELOPMENT,65% DESIGN DEVELOPMENT,correct,28 JANUARY 2025,28 JANUARY 2025,correct,As indicated,As indicated,read,correct,"[["""", ""FTG PERMIT"", ""12/11/2024""], ["""", ""65% DD"", ""01/28/2025""]]","[["""", ""FTG PERMIT"", ""12/11/2024""], ["""", ""65% DD"", ""01/28/2025""]]",read,correct,sheet-number slot shared by the set's title blocks | issue text '65% DESIGN DEVELOPMENT'; date beside the issue text,Revision rows differ from page 1 (renders/rev_brandywine_p43.png).
springhill,ST - Springhill Lake.pdf,1,0,S-001,S-001,read,correct,S001,correct,GENERAL NOTES,GENERAL NOTES,read,correct,FINAL CONSTRUCTION DOCUMENTS,FINAL CONSTRUCTION DOCUMENTS,correct,06 APRIL 2026,06 APRIL 2026,correct,NOT TO SCALE,NOT TO SCALE,read,correct,"[[""1"", ""65% DD"", ""2025/09/26""], [""2"", ""95% DD"", ""2025/12/17""], [""3"", ""BLDG. PERMIT"", ""2026/1/16""], [""4"", ""FTG PERMIT"", ""2026/03/20""], [""5"", ""FINAL CONSTRUCTION DOCUMENTS"", ""2026/04/06""]]","[[""1"", ""65% DD"", ""2025/09/26""], [""2"", ""95% DD"", ""2025/12/17""], [""3"", ""BLDG. PERMIT"", ""2026/1/16""], [""4"", ""FTG PERMIT"", ""2026/03/20""], [""5"", ""FINAL CONSTRUCTION DOCUMENTS"", ""2026/04/06""]]",read,correct,sheet-number slot shared by the set's title blocks | issue text 'FINAL CONSTRUCTION DOCUMENTS'; date beside the issue text,Revision table renders/rev_springhill_p1.png; row 5 description wraps onto two lines.
springhill,ST - Springhill Lake.pdf,5,0,S-111A,S-111A,read,correct,S111A,correct,FOUNDATION AND FIRST FLOOR FRAMING PLAN - PART A,FOUNDATION AND FIRST FLOOR FRAMING PLAN - PART A,read,correct,FINAL CONSTRUCTION DOCUMENTS,FINAL CONSTRUCTION DOCUMENTS,correct,06 APRIL 2026,06 APRIL 2026,correct,As indicated,As indicated,read,correct,not inspected,"[[""1"", ""65% DD"", ""2025/09/26""], [""2"", ""95% DD"", ""2025/12/17""], [""3"", ""BLDG. PERMIT"", ""2026/1/16""], [""4"", ""FTG PERMIT"", ""2026/03/20""], [""5"", ""FINAL CONSTRUCTION DOCUMENTS"", ""2026/04/06""]]",read,not_inspected,sheet-number slot shared by the set's title blocks | issue text 'FINAL CONSTRUCTION DOCUMENTS'; date beside the issue text,"The drawing area carries vertical 'SEE S-111B' match-line notes; graphic-scale caption 'SCALE : 1/8"" = 1'-0""' also printed."
springhill,ST - Springhill Lake.pdf,14,0,S-204,S-204,read,correct,S204,correct,TYPICAL DETAILS,TYPICAL DETAILS,read,correct,FINAL CONSTRUCTION DOCUMENTS,FINAL CONSTRUCTION DOCUMENTS,correct,06 APRIL 2026,06 APRIL 2026,correct,NOT TO SCALE,NOT TO SCALE,read,correct,not inspected,"[[""1"", ""65% DD"", ""2025/09/26""], [""2"", ""95% DD"", ""2025/12/17""], [""3"", ""BLDG. PERMIT"", ""2026/1/16""], [""4"", ""FINAL CONSTRUCTION DOCUMENTS"", ""2026/04/06""]]",read,not_inspected,sheet-number slot shared by the set's title blocks | issue text 'FINAL CONSTRUCTION DOCUMENTS'; date beside the issue text,
springhill,ST - Springhill Lake.pdf,22,0,S-401,S-401,read,correct,S401,correct,ELEVATIONS,ELEVATIONS,read,correct,FINAL CONSTRUCTION DOCUMENTS,FINAL CONSTRUCTION DOCUMENTS,correct,06 APRIL 2026,06 APRIL 2026,correct,As indicated,As indicated,read,correct,not inspected,"[[""1"", ""65% DD"", ""2025/09/26""], [""2"", ""95% DD"", ""2025/12/17""], [""3"", ""BLDG. PERMIT"", ""2026/1/16""], [""4"", ""FTG PERMIT"", ""2026/03/20""], [""5"", ""FINAL CONSTRUCTION DOCUMENTS"", ""2026/04/06""]]",read,not_inspected,sheet-number slot shared by the set's title blocks | issue text 'FINAL CONSTRUCTION DOCUMENTS'; date beside the issue text,
springhill,ST - Springhill Lake.pdf,28,0,S-601,S-601,read,correct,S601,correct,STORAGE SHED FRAMING PLANS AND SECTIONS,STORAGE SHED FRAMING PLANS AND SECTIONS,read,correct,FINAL CONSTRUCTION DOCUMENTS,FINAL CONSTRUCTION DOCUMENTS,correct,06 APRIL 2026,06 APRIL 2026,correct,As indicated,As indicated,read,correct,"[[""1"", ""65% DD"", ""2025/09/26""], [""2"", ""95% DD"", ""2025/12/17""], [""3"", ""BLDG. PERMIT"", ""2026/1/16""], [""4"", ""FTG PERMIT"", ""2026/03/20""], [""5"", ""FINAL CONSTRUCTION DOCUMENTS"", ""2026/04/06""]]","[[""1"", ""65% DD"", ""2025/09/26""], [""2"", ""95% DD"", ""2025/12/17""], [""3"", ""BLDG. PERMIT"", ""2026/1/16""], [""4"", ""FTG PERMIT"", ""2026/03/20""], [""5"", ""FINAL CONSTRUCTION DOCUMENTS"", ""2026/04/06""]]",read,correct,sheet-number slot shared by the set's title blocks | issue text 'FINAL CONSTRUCTION DOCUMENTS'; date beside the issue text,"Graphic-scale caption 'SCALE : 3/4"" = 1'-0""' differs from the SCALE: field."
osse,OSSE - ST.pdf,1,0,S-000-O,S-000-O,read,correct,S000,wrong,GENERAL NOTES,GENERAL NOTES,read,correct,Permit Submission,Permit Submission,correct,10/12/2023,10/12/2023,correct,,,not_shown,correct,[],[],none_printed,correct,sheet-number slot shared by the set's title blocks | issue text 'Permit Submission'; date beside the issue text,Building-suffix sheet numbers. Small 'Title:' label left of the title. #/Date/Change Description table empty. Seal also carries 10/12/2023.
osse,OSSE - ST.pdf,5,0,S-101-O,S-101-O,read,correct,S101,wrong,OSSE PARKING FOUNDATION AND FIRST FLOOR PLAN,OSSE PARKING FOUNDATION AND FIRST FLOOR PLAN,read,correct,Permit Submission,Permit Submission,correct,10/12/2023,10/12/2023,correct,,,not_shown,correct,[],[],none_printed,correct,sheet-number slot shared by the set's title blocks | issue text 'Permit Submission'; date beside the issue text,
osse,OSSE - ST.pdf,10,0,S-122-O,S-122-O,read,correct,S122,wrong,OSSE FACILITY SECOND FLOOR PLAN,OSSE FACILITY SECOND FLOOR PLAN,read,correct,Permit Submission,Permit Submission,correct,10/12/2023,10/12/2023,correct,,,not_shown,correct,[],[],none_printed,correct,sheet-number slot shared by the set's title blocks | issue text 'Permit Submission'; date beside the issue text,Acceptance case: the plan also carries many S-221-O / S-421-O callouts.
osse,OSSE - ST.pdf,15,0,S-401-O,S-401-O,read,correct,S401,wrong,SUPERSTURCTURE SECTIONS,SUPERSTURCTURE SECTIONS,read,correct,Permit Submission,Permit Submission,correct,10/12/2023,10/12/2023,correct,,,not_shown,correct,[],[],none_printed,correct,sheet-number slot shared by the set's title blocks | issue text 'Permit Submission'; date beside the issue text,Title misspelled on the drawing; recorded verbatim.
osse,OSSE - ST.pdf,26,0,S-602-O,S-602-O,read,correct,S602,wrong,OSSE PARKING AND OSSE BUILDING COLUMN SCHEDULE,OSSE PARKING AND OSSE BUILDING COLUMN SCHEDULE,read,correct,Permit Submission,Permit Submission,correct,10/12/2023,10/12/2023,correct,,,not_shown,correct,[],[],none_printed,correct,sheet-number slot shared by the set's title blocks | issue text 'Permit Submission'; date beside the issue text,Three-line title.
yellowspring,ST1.pdf,1,90,S0.01,S0.01,read,correct,S0.01,correct,GENERAL NOTES,GENERAL NOTES,read,correct,,,correct,03/20/25,03/20/25,correct,"1/8"" = 1'-0""","1/8"" = 1'-0""",read,correct,"[[""1"", ""BID SET"", ""03/20/25""]]","[[""1"", ""BID SET"", ""03/20/25""]]",read,correct,sheet-number slot shared by the set's title blocks; label 'SHEET NO:' | date label 'DATE:',Page /Rotate 90. 'SHEET NO:' / 'SHEET TITLE:' / 'DATE:' labels. Issue appears only as a PRINTS ISSUED table row (renders/rev_yellowspring_p1.png). A plot timestamp '3/17/2025 9:26:43 AM' sits under the block.
yellowspring,ST1.pdf,5,90,S2.01,S2.01,read,correct,S2.01,correct,PARTIAL FLOOR AND ROOF FRAMING PLAN - AREA A,PARTIAL FLOOR AND ROOF FRAMING PLAN - AREA A,read,correct,,,correct,03/20/25,03/20/25,correct,As indicated,As indicated,read,correct,not inspected,"[[""1"", ""BID SET"", ""03/20/25""]]",read,not_inspected,sheet-number slot shared by the set's title blocks; label 'SHEET NO:' | date label 'DATE:',
yellowspring,ST1.pdf,13,90,S2.09,S2.09,read,correct,S2.09,correct,COLUMN SCHEDULE,COLUMN SCHEDULE,read,correct,,,correct,03/20/25,03/20/25,correct,"1/8"" = 1'-0""","1/8"" = 1'-0""",read,correct,not inspected,"[[""1"", ""BID SET"", ""03/20/25""]]",read,not_inspected,sheet-number slot shared by the set's title blocks; label 'SHEET NO:' | date label 'DATE:',
yellowspring,ST1.pdf,25,90,S3.11,S3.11,read,correct,S3.11,correct,SECTIONS,SECTIONS,read,correct,,,correct,03/20/25,03/20/25,correct,As indicated,As indicated,read,correct,not inspected,"[[""1"", ""BID SET"", ""03/20/25""]]",read,not_inspected,sheet-number slot shared by the set's title blocks; label 'SHEET NO:' | date label 'DATE:',
yellowspring,ST1.pdf,40,90,S4.06,S4.06,read,correct,S4.06,correct,TYPICAL DETAILS AND SPECIAL JOIST DIAGRAMS,TYPICAL DETAILS AND SPECIAL JOIST DIAGRAMS,read,correct,,,correct,03/20/25,03/20/25,correct,"3/4"" = 1'-0""","3/4"" = 1'-0""",read,correct,"[[""1"", ""BID SET"", ""03/20/25""]]","[[""1"", ""BID SET"", ""03/20/25""]]",read,correct,sheet-number slot shared by the set's title blocks; label 'SHEET NO:' | date label 'DATE:',renders/rev_yellowspring_p40.png
washlatin,New bldg - St.pdf,1,0,S-001,S-001,read,correct,S001,correct,STRUCTURAL NOTES,STRUCTURAL NOTES,read,correct,100% CONSTRUCTION DOCUMENTS,100% CONSTRUCTION DOCUMENTS,correct,"JANUARY 12, 2024","JANUARY 12, 2024",correct,"1/8"" = 1'-0""","1/8"" = 1'-0""",read,correct,"[[""1"", ""ADDENDUM"", ""11/29/2023""], [""2"", ""ADDENDUM 2"", ""12/15/2023""]]","[[""1"", ""ADDENDUM"", ""11/29/2023""], [""2"", ""ADDENDUM 2"", ""12/15/2023""]]",read,correct,sheet-number slot shared by the set's title blocks; label 'DRAWING NUMBER' | issue text '100% CONSTRUCTION DOCUMENTS'; date label 'DRAWING DATE',Bottom-strip title block: DRAWING TITLE / DRAWING NUMBER / DRAWING DATE / DRAWING SCALE labels. 'DRAWING TYPE ARCHITECTURAL' is printed on structural sheets.
washlatin,New bldg - St.pdf,5,0,S-005,S-005,read,correct,S005,correct,TYPICAL DETAILS,TYPICAL DETAILS,read,correct,100% CONSTRUCTION DOCUMENTS,100% CONSTRUCTION DOCUMENTS,correct,"JANUARY 12, 2024","JANUARY 12, 2024",correct,As indicated,As indicated,read,correct,[],[],none_printed,correct,sheet-number slot shared by the set's title blocks; label 'DRAWING NUMBER' | issue text '100% CONSTRUCTION DOCUMENTS'; date label 'DRAWING DATE',No revision rows on this sheet.
washlatin,New bldg - St.pdf,12,0,S-104,S-104,read,correct,S104,correct,FOURTH FLOOR FRAMING PLAN,FOURTH FLOOR FRAMING PLAN,read,correct,100% CONSTRUCTION DOCUMENTS,100% CONSTRUCTION DOCUMENTS,correct,"JANUARY 12, 2024","JANUARY 12, 2024",correct,"1/8"" = 1'-0""","1/8"" = 1'-0""",read,correct,"[[""1"", ""ADDENDUM"", ""11/29/2023""], [""2"", ""ADDENDUM 2"", ""12/15/2023""]]","[[""1"", ""ADDENDUM"", ""11/29/2023""], [""2"", ""ADDENDUM 2"", ""12/15/2023""]]",read,correct,sheet-number slot shared by the set's title blocks; label 'DRAWING NUMBER' | issue text '100% CONSTRUCTION DOCUMENTS'; date label 'DRAWING DATE',
washlatin,New bldg - St.pdf,18,0,S-301,S-301,read,correct,S301,correct,FOUNDATION SECTIONS,FOUNDATION SECTIONS,read,correct,100% CONSTRUCTION DOCUMENTS,100% CONSTRUCTION DOCUMENTS,correct,"JANUARY 12, 2024","JANUARY 12, 2024",correct,As indicated,As indicated,read,correct,"[[""2"", ""ADDENDUM 2"", ""12/15/2023""]]","[[""2"", ""ADDENDUM 2"", ""12/15/2023""]]",read,correct,sheet-number slot shared by the set's title blocks; label 'DRAWING NUMBER' | issue text '100% CONSTRUCTION DOCUMENTS'; date label 'DRAWING DATE',Only revision 2 on this sheet.
washlatin,New bldg - St.pdf,23,0,S-504,S-504,read,correct,S504,correct,SECTIONS,SECTIONS,read,correct,100% CONSTRUCTION DOCUMENTS,100% CONSTRUCTION DOCUMENTS,correct,"JANUARY 12, 2024","JANUARY 12, 2024",correct,As indicated,As indicated,read,correct,"[[""1"", ""ADDENDUM"", ""11/29/2023""], [""2"", ""ADDENDUM 2"", ""12/15/2023""]]","[[""1"", ""ADDENDUM"", ""11/29/2023""], [""2"", ""ADDENDUM 2"", ""12/15/2023""]]",read,correct,sheet-number slot shared by the set's title blocks; label 'DRAWING NUMBER' | issue text '100% CONSTRUCTION DOCUMENTS'; date label 'DRAWING DATE',
fortdavis,Structure - Copy1 - edit.pdf,1,0,S001,S001,read,correct,S001,correct,STRUCTURAL NOTES,STRUCTURAL NOTES,read,correct,50% CONSTRUCTION DOCUMENTS,50% CONSTRUCTION DOCUMENTS,correct,2025/06/18,2025/06/18,correct,1 : 1,1 : 1,read,correct,not inspected,[],none_printed,not_inspected,sheet-number slot shared by the set's title blocks | issue text '50% CONSTRUCTION DOCUMENTS'; date beside the issue text,Unhyphenated sheet number in the same title-block family as Burrville.
fortdavis,Structure - Copy1 - edit.pdf,5,0,S011,S011,read,correct,S011,correct,WIND LOAD DIAGRAMS,WIND LOAD DIAGRAMS,read,correct,50% CONSTRUCTION DOCUMENTS,50% CONSTRUCTION DOCUMENTS,correct,2025/06/18,2025/06/18,correct,As indicated,As indicated,read,correct,not inspected,[],none_printed,not_inspected,sheet-number slot shared by the set's title blocks | issue text '50% CONSTRUCTION DOCUMENTS'; date beside the issue text,"Viewport titles on the sheet (e.g. 'DETAIL', 'COMPONENTS AND CLADDING ROOF WIND PRESSURE DIAGRAM') differ from the sheet title."
fortdavis,Structure - Copy1 - edit.pdf,10,0,S120,S120,read,correct,S120,correct,BUILDING ELEVATIONS,BUILDING ELEVATIONS,read,correct,50% CONSTRUCTION DOCUMENTS,50% CONSTRUCTION DOCUMENTS,correct,2025/06/18,2025/06/18,correct,"1/8"" = 1'-0""","1/8"" = 1'-0""",read,correct,not inspected,[],none_printed,not_inspected,sheet-number slot shared by the set's title blocks | issue text '50% CONSTRUCTION DOCUMENTS'; date beside the issue text,
fortdavis,Structure - Copy1 - edit.pdf,15,0,S301,S301,read,correct,S301,correct,STEEL AND CONCRETE COLUMN LOCATION PLAN AND SCHEDULE,STEEL AND CONCRETE COLUMN LOCATION PLAN AND SCHEDULE,read,correct,50% CONSTRUCTION DOCUMENTS,50% CONSTRUCTION DOCUMENTS,correct,2025/06/18,2025/06/18,correct,As indicated,As indicated,read,correct,not inspected,[],none_printed,not_inspected,sheet-number slot shared by the set's title blocks | issue text '50% CONSTRUCTION DOCUMENTS'; date beside the issue text,Four-line title touching the SCALE: label.
fortdavis,Structure - Copy1 - edit.pdf,20,0,S402,S402,read,correct,S402,correct,ROOF FRAMING SECTIONS,ROOF FRAMING SECTIONS,read,correct,50% CONSTRUCTION DOCUMENTS,50% CONSTRUCTION DOCUMENTS,correct,2025/06/18,2025/06/18,correct,As indicated,As indicated,read,correct,[],[],none_printed,correct,sheet-number slot shared by the set's title blocks | issue text '50% CONSTRUCTION DOCUMENTS'; date beside the issue text,No./Description/Date table empty (renders/rev_fortdavis_p20.png).
