token,class
W44X408,W
W44X368,W
W44X335,W
W44X290,W
W44X262,W
W44X230,W
W40X655,W
W40X593,W
W40X503,W
W40X431,W
W40X397,W
W40X372,W
W40X362,W
W40X324,W
W40X297,W
W40X277,W
W40X249,W
W40X215,W
W40X199,W
W40X392,W
W40X331,W
W40X327,W
W40X294,W
W40X278,W
W40X264,W
W40X235,W
W40X211,W
W40X183,W
W40X167,W
W40X149,W
W36X925,W
W36X853,W
W36X802,W
W36X723,W
W36X652,W
W36X529,W
W36X487,W
W36X441,W
W36X395,W
W36X361,W
W36X330,W
W36X302,W
W36X282,W
W36X262,W
W36X247,W
W36X231,W
W36X387,W
W36X350,W
W36X318,W
W36X286,W
W36X256,W
W36X232,W
W36X210,W
W36X194,W
W36X182,W
W36X170,W
W36X160,W
W36X150,W
W36X135,W
W33X387,W
W33X354,W
W33X318,W
W33X291,W
W33X263,W
W33X241,W
W33X221,W
W33X201,W
W33X169,W
W33X152,W
W33X141,W
W33X130,W
W33X118,W
W30X391,W
W30X357,W
W30X326,W
W30X292,W
W30X261,W
W30X235,W
W30X211,W
W30X191,W
W30X173,W
W30X148,W
W30X132,W
W30X124,W
W30X116,W
W30X108,W
W30X99,W
W30X90,W
W27X539,W
W27X368,W
W27X336,W
W27X307,W
W27X281,W
W27X258,W
W27X235,W
W27X217,W
W27X194,W
W27X178,W
W27X161,W
W27X146,W
W27X129,W
W27X114,W
W27X102,W
W27X94,W
W27X84,W
W24X370,W
W24X335,W
W24X306,W
W24X279,W
W24X250,W
W24X229,W
W24X207,W
W24X192,W
W24X176,W
W24X162,W
W24X146,W
W24X131,W
W24X117,W
W24X104,W
W24X103,W
W24X94,W
W24X84,W
W24X76,W
W24X68,W
W24X62,W
W24X55,W
W21X275,W
W21X248,W
W21X223,W
W21X201,W
W21X182,W
W21X166,W
W21X147,W
W21X132,W
W21X122,W
W21X111,W
W21X101,W
W21X93,W
W21X83,W
W21X73,W
W21X68,W
W21X62,W
W21X55,W
W21X48,W
W21X57,W
W21X50,W
W21X44,W
W18X311,W
W18X283,W
W18X258,W
W18X234,W
W18X211,W
W18X192,W
W18X175,W
W18X158,W
W18X143,W
W18X130,W
W18X119,W
W18X106,W
W18X97,W
W18X86,W
W18X76,W
W18X71,W
W18X65,W
W18X60,W
W18X55,W
W18X50,W
W18X46,W
W18X40,W
W18X35,W
W16X100,W
W16X89,W
W16X77,W
W16X67,W
W16X57,W
W16X50,W
W16X45,W
W16X40,W
W16X36,W
W16X31,W
W16X26,W
W14X873,W
W14X808,W
W14X730,W
W14X665,W
W14X605,W
W14X550,W
W14X500,W
W14X455,W
W14X426,W
W14X398,W
W14X370,W
W14X342,W
W14X311,W
W14X283,W
W14X257,W
W14X233,W
W14X211,W
W14X193,W
W14X176,W
W14X159,W
W14X145,W
W14X132,W
W14X120,W
W14X109,W
W14X99,W
W14X90,W
W14X82,W
W14X74,W
W14X68,W
W14X61,W
W14X53,W
W14X48,W
W14X43,W
W14X38,W
W14X34,W
W14X30,W
W14X26,W
W14X22,W
W12X336,W
W12X305,W
W12X279,W
W12X252,W
W12X230,W
W12X210,W
W12X190,W
W12X170,W
W12X152,W
W12X136,W
W12X120,W
W12X106,W
W12X96,W
W12X87,W
W12X79,W
W12X72,W
W12X65,W
W12X58,W
W12X53,W
W12X50,W
W12X45,W
W12X40,W
W12X35,W
W12X30,W
W12X26,W
W12X22,W
W12X19,W
W12X16,W
W12X14,W
W10X112,W
W10X100,W
W10X88,W
W10X77,W
W10X68,W
W10X60,W
W10X54,W
W10X49,W
W10X45,W
W10X39,W
W10X33,W
W10X30,W
W10X26,W
W10X22,W
W10X19,W
W10X17,W
W10X15,W
W10X12,W
W8X67,W
W8X58,W
W8X48,W
W8X40,W
W8X35,W
W8X31,W
W8X28,W
W8X24,W
W8X21,W
W8X18,W
W8X15,W
W8X13,W
W8X10,W
W6X25,W
W6X20,W
W6X15,W
W6X16,W
W6X12,W
W6X9,W
W6X8.5,W
W5X19,W
W5X16,W
W4X13,W
M12.5X12.4,M
M12.5X11.6,M
M12X11.8,M
M12X10.8,M
M12X10,M
M10X9,M
M10X8,M
M10X7.5,M
M8X6.5,M
M8X6.2,M
M6X4.4,M
M6X3.7,M
M5X18.9,M
M4X6,M
M4X4.08,M
M3X2.9,M
S24X121,S
S24X106,S
S24X100,S
S24X90,S
S24X80,S
S20X96,S
S20X86,S
S20X75,S
S20X66,S
S18X70,S
S18X54.7,S
S15X50,S
S15X42.9,S
S12X50,S
S12X40.8,S
S12X35,S
S12X31.8,S
S10X35,S
S10X25.4,S
S8X23,S
S8X18.4,S
S6X17.25,S
S6X12.5,S
S5X10,S
S4X9.5,S
S4X7.7,S
S3X7.5,S
S3X5.7,S
HP18X204,HP
HP18X181,HP
HP18X157,HP
HP18X135,HP
HP16X183,HP
HP16X162,HP
HP16X141,HP
HP16X121,HP
HP16X101,HP
HP16X88,HP
HP14X117,HP
HP14X102,HP
HP14X89,HP
HP14X73,HP
HP12X89,HP
HP12X84,HP
HP12X74,HP
HP12X63,HP
HP12X53,HP
HP10X57,HP
HP10X42,HP
HP8X36,HP
C15X50,C
C15X40,C
C15X33.9,C
C12X30,C
C12X25,C
C12X20.7,C
C10X30,C
C10X25,C
C10X20,C
C10X15.3,C
C9X20,C
C9X15,C
C9X13.4,C
C8X18.75,C
C8X13.75,C
C8X11.5,C
C7X14.75,C
C7X12.25,C
C7X9.8,C
C6X13,C
C6X10.5,C
C6X8.2,C
C5X9,C
C5X6.7,C
C4X7.25,C
C4X6.25,C
C4X5.4,C
C4X4.5,C
C3X6,C
C3X5,C
C3X4.1,C
C3X3.5,C
MC18X58,MC
MC18X51.9,MC
MC18X45.8,MC
MC18X42.7,MC
MC13X50,MC
MC13X40,MC
MC13X35,MC
MC13X31.8,MC
MC12X50,MC
MC12X45,MC
MC12X40,MC
MC12X35,MC
MC12X31,MC
MC12X14.3,MC
MC12X10.6,MC
MC10X41.1,MC
MC10X33.6,MC
MC10X28.5,MC
MC10X25,MC
MC10X22,MC
MC10X8.4,MC
MC10X6.5,MC
MC9X25.4,MC
MC9X23.9,MC
MC8X22.8,MC
MC8X21.4,MC
MC8X20,MC
MC8X18.7,MC
MC8X8.5,MC
MC7X22.7,MC
MC7X19.1,MC
MC6X18,MC
MC6X15.3,MC
MC6X16.3,MC
MC6X15.1,MC
MC6X12,MC
MC6X7,MC
MC6X6.5,MC
MC4X13.8,MC
MC3X7.1,MC
L12X12X1-3/8,L
L12X12X1-1/4,L
L12X12X1-1/8,L
L12X12X1,L
L10X10X1-3/8,L
L10X10X1-1/4,L
L10X10X1-1/8,L
L10X10X1,L
L10X10X7/8,L
L10X10X3/4,L
L8X8X1-1/8,L
L8X8X1,L
L8X8X7/8,L
L8X8X3/4,L
L8X8X5/8,L
L8X8X9/16,L
L8X8X1/2,L
L8X6X1,L
L8X6X7/8,L
L8X6X3/4,L
L8X6X5/8,L
L8X6X9/16,L
L8X6X1/2,L
L8X6X7/16,L
L8X4X1,L
L8X4X7/8,L
L8X4X3/4,L
L8X4X5/8,L
L8X4X9/16,L
L8X4X1/2,L
L8X4X7/16,L
L7X4X3/4,L
L7X4X5/8,L
L7X4X1/2,L
L7X4X7/16,L
L7X4X3/8,L
L6X6X1,L
L6X6X7/8,L
L6X6X3/4,L
L6X6X5/8,L
L6X6X9/16,L
L6X6X1/2,L
L6X6X7/16,L
L6X6X3/8,L
L6X6X5/16,L
L6X4X7/8,L
L6X4X3/4,L
L6X4X5/8,L
L6X4X9/16,L
L6X4X1/2,L
L6X4X7/16,L
L6X4X3/8,L
L6X4X5/16,L
L6X3-1/2X1/2,L
L6X3-1/2X3/8,L
L6X3-1/2X5/16,L
L5X5X7/8,L
L5X5X3/4,L
L5X5X5/8,L
L5X5X1/2,L
L5X5X7/16,L
L5X5X3/8,L
L5X5X5/16,L
L5X3-1/2X3/4,L
L5X3-1/2X5/8,L
L5X3-1/2X1/2,L
L5X3-1/2X3/8,L
L5X3-1/2X5/16,L
L5X3-1/2X1/4,L
L5X3X1/2,L
L5X3X7/16,L
L5X3X3/8,L
L5X3X5/16,L
L5X3X1/4,L
L4X4X3/4,L
L4X4X5/8,L
L4X4X1/2,L
L4X4X7/16,L
L4X4X3/8,L
L4X4X5/16,L
L4X4X1/4,L
L4X3-1/2X1/2,L
L4X3-1/2X3/8,L
L4X3-1/2X5/16,L
L4X3-1/2X1/4,L
L4X3X5/8,L
L4X3X1/2,L
L4X3X3/8,L
L4X3X5/16,L
L4X3X1/4,L
L3-1/2X3-1/2X1/2,L
L3-1/2X3-1/2X7/16,L
L3-1/2X3-1/2X3/8,L
L3-1/2X3-1/2X5/16,L
L3-1/2X3-1/2X1/4,L
L3-1/2X3X1/2,L
L3-1/2X3X7/16,L
L3-1/2X3X3/8,L
L3-1/2X3X5/16,L
L3-1/2X3X1/4,L
L3-1/2X2-1/2X1/2,L
L3-1/2X2-1/2X3/8,L
L3-1/2X2-1/2X5/16,L
L3-1/2X2-1/2X1/4,L
L3X3X1/2,L
L3X3X7/16,L
L3X3X3/8,L
L3X3X5/16,L
L3X3X1/4,L
L3X3X3/16,L
L3X2-1/2X1/2,L
L3X2-1/2X7/16,L
L3X2-1/2X3/8,L
L3X2-1/2X5/16,L
L3X2-1/2X1/4,L
L3X2-1/2X3/16,L
L3X2X1/2,L
L3X2X3/8,L
L3X2X5/16,L
L3X2X1/4,L
L3X2X3/16,L
L2-1/2X2-1/2X1/2,L
L2-1/2X2-1/2X3/8,L
L2-1/2X2-1/2X5/16,L
L2-1/2X2-1/2X1/4,L
L2-1/2X2-1/2X3/16,L
L2-1/2X2X3/8,L
L2-1/2X2X5/16,L
L2-1/2X2X1/4,L
L2-1/2X2X3/16,L
L2-1/2X1-1/2X1/4,L
L2-1/2X1-1/2X3/16,L
L2X2X3/8,L
L2X2X5/16,L
L2X2X1/4,L
L2X2X3/16,L
L2X2X1/8,L
WT22X204,WT
WT22X184,WT
WT22X167.5,WT
WT22X145,WT
WT22X131,WT
WT22X115,WT
WT20X327.5,WT
WT20X296.5,WT
WT20X251.5,WT
WT20X215.5,WT
WT20X198.5,WT
WT20X186,WT
WT20X181,WT
WT20X162,WT
WT20X148.5,WT
WT20X138.5,WT
WT20X124.5,WT
WT20X107.5,WT
WT20X99.5,WT
WT20X196,WT
WT20X165.5,WT
WT20X163.5,WT
WT20X147,WT
WT20X139,WT
WT20X132,WT
WT20X117.5,WT
WT20X105.5,WT
WT20X91.5,WT
WT20X83.5,WT
WT20X74.5,WT
WT18X462.5,WT
WT18X426.5,WT
WT18X401,WT
WT18X361.5,WT
WT18X326,WT
WT18X264.5,WT
WT18X243.5,WT
WT18X220.5,WT
WT18X197.5,WT
WT18X180.5,WT
WT18X165,WT
WT18X151,WT
WT18X141,WT
WT18X131,WT
WT18X123.5,WT
WT18X115.5,WT
WT18X193.5,WT
WT18X175,WT
WT18X159,WT
WT18X143,WT
WT18X128,WT
WT18X116,WT
WT18X105,WT
WT18X97,WT
WT18X91,WT
WT18X85,WT
WT18X80,WT
WT18X75,WT
WT18X67.5,WT
WT16.5X193.5,WT
WT16.5X177,WT
WT16.5X159,WT
WT16.5X145.5,WT
WT16.5X131.5,WT
WT16.5X120.5,WT
WT16.5X110.5,WT
WT16.5X100.5,WT
WT16.5X84.5,WT
WT16.5X76,WT
WT16.5X70.5,WT
WT16.5X65,WT
WT16.5X59,WT
WT15X195.5,WT
WT15X178.5,WT
WT15X163,WT
WT15X146,WT
WT15X130.5,WT
WT15X117.5,WT
WT15X105.5,WT
WT15X95.5,WT
WT15X86.5,WT
WT15X74,WT
WT15X66,WT
WT15X62,WT
WT15X58,WT
WT15X54,WT
WT15X49.5,WT
WT15X45,WT
WT13.5X269.5,WT
WT13.5X184,WT
WT13.5X168,WT
WT13.5X153.5,WT
WT13.5X140.5,WT
WT13.5X129,WT
WT13.5X117.5,WT
WT13.5X108.5,WT
WT13.5X97,WT
WT13.5X89,WT
WT13.5X80.5,WT
WT13.5X73,WT
WT13.5X64.5,WT
WT13.5X57,WT
WT13.5X51,WT
WT13.5X47,WT
WT13.5X42,WT
WT12X185,WT
WT12X167.5,WT
WT12X153,WT
WT12X139.5,WT
WT12X125,WT
WT12X114.5,WT
WT12X103.5,WT
WT12X96,WT
WT12X88,WT
WT12X81,WT
WT12X73,WT
WT12X65.5,WT
WT12X58.5,WT
WT12X52,WT
WT12X51.5,WT
WT12X47,WT
WT12X42,WT
WT12X38,WT
WT12X34,WT
WT12X31,WT
WT12X27.5,WT
WT10.5X137.5,WT
WT10.5X124,WT
WT10.5X111.5,WT
WT10.5X100.5,WT
WT10.5X91,WT
WT10.5X83,WT
WT10.5X73.5,WT
WT10.5X66,WT
WT10.5X61,WT
WT10.5X55.5,WT
WT10.5X50.5,WT
WT10.5X46.5,WT
WT10.5X41.5,WT
WT10.5X36.5,WT
WT10.5X34,WT
WT10.5X31,WT
WT10.5X27.5,WT
WT10.5X24,WT
WT10.5X28.5,WT
WT10.5X25,WT
WT10.5X22,WT
WT9X155.5,WT
WT9X141.5,WT
WT9X129,WT
WT9X117,WT
WT9X105.5,WT
WT9X96,WT
WT9X87.5,WT
WT9X79,WT
WT9X71.5,WT
WT9X65,WT
WT9X59.5,WT
WT9X53,WT
WT9X48.5,WT
WT9X43,WT
WT9X38,WT
WT9X35.5,WT
WT9X32.5,WT
WT9X30,WT
WT9X27.5,WT
WT9X25,WT
WT9X23,WT
WT9X20,WT
WT9X17.5,WT
WT8X50,WT
WT8X44.5,WT
WT8X38.5,WT
WT8X33.5,WT
WT8X28.5,WT
WT8X25,WT
WT8X22.5,WT
WT8X20,WT
WT8X18,WT
WT8X15.5,WT
WT8X13,WT
WT7X436.5,WT
WT7X404,WT
WT7X365,WT
WT7X332.5,WT
WT7X302.5,WT
WT7X275,WT
WT7X250,WT
WT7X227.5,WT
WT7X213,WT
WT7X199,WT
WT7X185,WT
WT7X171,WT
WT7X155.5,WT
WT7X141.5,WT
WT7X128.5,WT
WT7X116.5,WT
WT7X105.5,WT
WT7X96.5,WT
WT7X88,WT
WT7X79.5,WT
WT7X72.5,WT
WT7X66,WT
WT7X60,WT
WT7X54.5,WT
WT7X49.5,WT
WT7X45,WT
WT7X41,WT
WT7X37,WT
WT7X34,WT
WT7X30.5,WT
WT7X26.5,WT
WT7X24,WT
WT7X21.5,WT
WT7X19,WT
WT7X17,WT
WT7X15,WT
WT7X13,WT
WT7X11,WT
WT6X168,WT
WT6X152.5,WT
WT6X139.5,WT
WT6X126,WT
WT6X115,WT
WT6X105,WT
WT6X95,WT
WT6X85,WT
WT6X76,WT
WT6X68,WT
WT6X60,WT
WT6X53,WT
WT6X48,WT
WT6X43.5,WT
WT6X39.5,WT
WT6X36,WT
WT6X32.5,WT
WT6X29,WT
WT6X26.5,WT
WT6X25,WT
WT6X22.5,WT
WT6X20,WT
WT6X17.5,WT
WT6X15,WT
WT6X13,WT
WT6X11,WT
WT6X9.5,WT
WT6X8,WT
WT6X7,WT
WT5X56,WT
WT5X50,WT
WT5X44,WT
WT5X38.5,WT
WT5X34,WT
WT5X30,WT
WT5X27,WT
WT5X24.5,WT
WT5X22.5,WT
WT5X19.5,WT
WT5X16.5,WT
WT5X15,WT
WT5X13,WT
WT5X11,WT
WT5X9.5,WT
WT5X8.5,WT
WT5X7.5,WT
WT5X6,WT
WT4X33.5,WT
WT4X29,WT
WT4X24,WT
WT4X20,WT
WT4X17.5,WT
WT4X15.5,WT
WT4X14,WT
WT4X12,WT
WT4X10.5,WT
WT4X9,WT
WT4X7.5,WT
WT4X6.5,WT
WT4X5,WT
WT3X12.5,WT
WT3X10,WT
WT3X7.5,WT
WT3X8,WT
WT3X6,WT
WT3X4.5,WT
WT3X4.25,WT
WT2.5X9.5,WT
WT2.5X8,WT
WT2X6.5,WT
MT6.25X6.2,MT
MT6.25X5.8,MT
MT6X5.9,MT
MT6X5.4,MT
MT6X5,MT
MT5X4.5,MT
MT5X4,MT
MT5X3.75,MT
MT4X3.25,MT
MT4X3.1,MT
MT3X2.2,MT
MT3X1.85,MT
MT2.5X9.45,MT
MT2X3,MT
ST12X60.5,ST
ST12X53,ST
ST12X50,ST
ST12X45,ST
ST12X40,ST
ST10X48,ST
ST10X43,ST
ST10X37.5,ST
ST10X33,ST
ST9X35,ST
ST9X27.35,ST
ST7.5X25,ST
ST7.5X21.45,ST
ST6X25,ST
ST6X20.4,ST
ST6X17.5,ST
ST6X15.9,ST
ST5X17.5,ST
ST5X12.7,ST
ST4X11.5,ST
ST4X9.2,ST
ST3X8.6,ST
ST3X6.25,ST
ST2.5X5,ST
ST2X4.75,ST
ST2X3.85,ST
ST1.5X3.75,ST
ST1.5X2.85,ST
2L12X12X1-3/8,2L
2L12X12X1-3/8X3/4,2L
2L12X12X1-3/8X1-1/2,2L
2L12X12X1-1/4,2L
2L12X12X1-1/4X3/4,2L
2L12X12X1-1/4X1-1/2,2L
2L12X12X1-1/8,2L
2L12X12X1-1/8X3/4,2L
2L12X12X1-1/8X1-1/2,2L
2L12X12X1,2L
2L12X12X1X3/4,2L
2L12X12X1X1-1/2,2L
2L10X10X1-3/8,2L
2L10X10X1-3/8X3/4,2L
2L10X10X1-3/8X1-1/2,2L
2L10X10X1-1/4,2L
2L10X10X1-1/4X3/4,2L
2L10X10X1-1/4X1-1/2,2L
2L10X10X1-1/8,2L
2L10X10X1-1/8X3/4,2L
2L10X10X1-1/8X1-1/2,2L
2L10X10X1,2L
2L10X10X1X3/4,2L
2L10X10X1X1-1/2,2L
2L10X10X7/8,2L
2L10X10X7/8X3/4,2L
2L10X10X7/8X1-1/2,2L
2L10X10X3/4,2L
2L10X10X3/4X3/4,2L
2L10X10X3/4X1-1/2,2L
2L8X8X1-1/8,2L
2L8X8X1-1/8X3/8,2L
2L8X8X1-1/8X3/4,2L
2L8X8X1,2L
2L8X8X1X3/8,2L
2L8X8X1X3/4,2L
2L8X8X7/8,2L
2L8X8X7/8X3/8,2L
2L8X8X7/8X3/4,2L
2L8X8X3/4,2L
2L8X8X3/4X3/8,2L
2L8X8X3/4X3/4,2L
2L8X8X5/8,2L
2L8X8X5/8X3/8,2L
2L8X8X5/8X3/4,2L
2L8X8X9/16,2L
2L8X8X9/16X3/8,2L
2L8X8X9/16X3/4,2L
2L8X8X1/2,2L
2L8X8X1/2X3/8,2L
2L8X8X1/2X3/4,2L
2L6X6X1,2L
2L6X6X1X3/8,2L
2L6X6X1X3/4,2L
2L6X6X7/8,2L
2L6X6X7/8X3/8,2L
2L6X6X7/8X3/4,2L
2L6X6X3/4,2L
2L6X6X3/4X3/8,2L
2L6X6X3/4X3/4,2L
2L6X6X5/8,2L
2L6X6X5/8X3/8,2L
2L6X6X5/8X3/4,2L
2L6X6X9/16,2L
2L6X6X9/16X3/8,2L
2L6X6X9/16X3/4,2L
2L6X6X1/2,2L
2L6X6X1/2X3/8,2L
2L6X6X1/2X3/4,2L
2L6X6X7/16,2L
2L6X6X7/16X3/8,2L
2L6X6X7/16X3/4,2L
2L6X6X3/8,2L
2L6X6X3/8X3/8,2L
2L6X6X3/8X3/4,2L
2L6X6X5/16,2L
2L6X6X5/16X3/8,2L
2L6X6X5/16X3/4,2L
2L5X5X7/8,2L
2L5X5X7/8X3/8,2L
2L5X5X7/8X3/4,2L
2L5X5X3/4,2L
2L5X5X3/4X3/8,2L
2L5X5X3/4X3/4,2L
2L5X5X5/8,2L
2L5X5X5/8X3/8,2L
2L5X5X5/8X3/4,2L
2L5X5X1/2,2L
2L5X5X1/2X3/8,2L
2L5X5X1/2X3/4,2L
2L5X5X7/16,2L
2L5X5X7/16X3/8,2L
2L5X5X7/16X3/4,2L
2L5X5X3/8,2L
2L5X5X3/8X3/8,2L
2L5X5X3/8X3/4,2L
2L5X5X5/16,2L
2L5X5X5/16X3/8,2L
2L5X5X5/16X3/4,2L
2L4X4X3/4,2L
2L4X4X3/4X3/8,2L
2L4X4X3/4X3/4,2L
2L4X4X5/8,2L
2L4X4X5/8X3/8,2L
2L4X4X5/8X3/4,2L
2L4X4X1/2,2L
2L4X4X1/2X3/8,2L
2L4X4X1/2X3/4,2L
2L4X4X7/16,2L
2L4X4X7/16X3/8,2L
2L4X4X7/16X3/4,2L
2L4X4X3/8,2L
2L4X4X3/8X3/8,2L
2L4X4X3/8X3/4,2L
2L4X4X5/16,2L
2L4X4X5/16X3/8,2L
2L4X4X5/16X3/4,2L
2L4X4X1/4,2L
2L4X4X1/4X3/8,2L
2L4X4X1/4X3/4,2L
2L3-1/2X3-1/2X1/2,2L
2L3-1/2X3-1/2X1/2X3/8,2L
2L3-1/2X3-1/2X1/2X3/4,2L
2L3-1/2X3-1/2X7/16,2L
2L3-1/2X3-1/2X7/16X3/8,2L
2L3-1/2X3-1/2X7/16X3/4,2L
2L3-1/2X3-1/2X3/8,2L
2L3-1/2X3-1/2X3/8X3/8,2L
2L3-1/2X3-1/2X3/8X3/4,2L
2L3-1/2X3-1/2X5/16,2L
2L3-1/2X3-1/2X5/16X3/8,2L
2L3-1/2X3-1/2X5/16X3/4,2L
2L3-1/2X3-1/2X1/4,2L
2L3-1/2X3-1/2X1/4X3/8,2L
2L3-1/2X3-1/2X1/4X3/4,2L
2L3X3X1/2,2L
2L3X3X1/2X3/8,2L
2L3X3X1/2X3/4,2L
2L3X3X7/16,2L
2L3X3X7/16X3/8,2L
2L3X3X7/16X3/4,2L
2L3X3X3/8,2L
2L3X3X3/8X3/8,2L
2L3X3X3/8X3/4,2L
2L3X3X5/16,2L
2L3X3X5/16X3/8,2L
2L3X3X5/16X3/4,2L
2L3X3X1/4,2L
2L3X3X1/4X3/8,2L
2L3X3X1/4X3/4,2L
2L3X3X3/16,2L
2L3X3X3/16X3/8,2L
2L3X3X3/16X3/4,2L
2L2-1/2X2-1/2X1/2,2L
2L2-1/2X2-1/2X1/2X3/8,2L
2L2-1/2X2-1/2X1/2X3/4,2L
2L2-1/2X2-1/2X3/8,2L
2L2-1/2X2-1/2X3/8X3/8,2L
2L2-1/2X2-1/2X3/8X3/4,2L
2L2-1/2X2-1/2X5/16,2L
2L2-1/2X2-1/2X5/16X3/8,2L
2L2-1/2X2-1/2X5/16X3/4,2L
2L2-1/2X2-1/2X1/4,2L
2L2-1/2X2-1/2X1/4X3/8,2L
2L2-1/2X2-1/2X1/4X3/4,2L
2L2-1/2X2-1/2X3/16,2L
2L2-1/2X2-1/2X3/16X3/8,2L
2L2-1/2X2-1/2X3/16X3/4,2L
2L2X2X3/8,2L
2L2X2X3/8X3/8,2L
2L2X2X3/8X3/4,2L
2L2X2X5/16,2L
2L2X2X5/16X3/8,2L
2L2X2X5/16X3/4,2L
2L2X2X1/4,2L
2L2X2X1/4X3/8,2L
2L2X2X1/4X3/4,2L
2L2X2X3/16,2L
2L2X2X3/16X3/8,2L
2L2X2X3/16X3/4,2L
2L2X2X1/8,2L
2L2X2X1/8X3/8,2L
2L2X2X1/8X3/4,2L
2L8X6X1LLBB,2L
2L8X6X1X3/8LLBB,2L
2L8X6X1X3/4LLBB,2L
2L8X6X7/8LLBB,2L
2L8X6X7/8X3/8LLBB,2L
2L8X6X7/8X3/4LLBB,2L
2L8X6X3/4LLBB,2L
2L8X6X3/4X3/8LLBB,2L
2L8X6X3/4X3/4LLBB,2L
2L8X6X5/8LLBB,2L
2L8X6X5/8X3/8LLBB,2L
2L8X6X5/8X3/4LLBB,2L
2L8X6X9/16LLBB,2L
2L8X6X9/16X3/8LLBB,2L
2L8X6X9/16X3/4LLBB,2L
2L8X6X1/2LLBB,2L
2L8X6X1/2X3/8LLBB,2L
2L8X6X1/2X3/4LLBB,2L
2L8X6X7/16LLBB,2L
2L8X6X7/16X3/8LLBB,2L
2L8X6X7/16X3/4LLBB,2L
2L8X4X1LLBB,2L
2L8X4X1X3/8LLBB,2L
2L8X4X1X3/4LLBB,2L
2L8X4X7/8LLBB,2L
2L8X4X7/8X3/8LLBB,2L
2L8X4X7/8X3/4LLBB,2L
2L8X4X3/4LLBB,2L
2L8X4X3/4X3/8LLBB,2L
2L8X4X3/4X3/4LLBB,2L
2L8X4X5/8LLBB,2L
2L8X4X5/8X3/8LLBB,2L
2L8X4X5/8X3/4LLBB,2L
2L8X4X9/16LLBB,2L
2L8X4X9/16X3/8LLBB,2L
2L8X4X9/16X3/4LLBB,2L
2L8X4X1/2LLBB,2L
2L8X4X1/2X3/8LLBB,2L
2L8X4X1/2X3/4LLBB,2L
2L8X4X7/16LLBB,2L
2L8X4X7/16X3/8LLBB,2L
2L8X4X7/16X3/4LLBB,2L
2L7X4X3/4LLBB,2L
2L7X4X3/4X3/8LLBB,2L
2L7X4X3/4X3/4LLBB,2L
2L7X4X5/8LLBB,2L
2L7X4X5/8X3/8LLBB,2L
2L7X4X5/8X3/4LLBB,2L
2L7X4X1/2LLBB,2L
2L7X4X1/2X3/8LLBB,2L
2L7X4X1/2X3/4LLBB,2L
2L7X4X7/16LLBB,2L
2L7X4X7/16X3/8LLBB,2L
2L7X4X7/16X3/4LLBB,2L
2L7X4X3/8LLBB,2L
2L7X4X3/8X3/8LLBB,2L
2L7X4X3/8X3/4LLBB,2L
2L6X4X7/8LLBB,2L
2L6X4X7/8X3/8LLBB,2L
2L6X4X7/8X3/4LLBB,2L
2L6X4X3/4LLBB,2L
2L6X4X3/4X3/8LLBB,2L
2L6X4X3/4X3/4LLBB,2L
2L6X4X5/8LLBB,2L
2L6X4X5/8X3/8LLBB,2L
2L6X4X5/8X3/4LLBB,2L
2L6X4X9/16LLBB,2L
2L6X4X9/16X3/8LLBB,2L
2L6X4X9/16X3/4LLBB,2L
2L6X4X1/2LLBB,2L
2L6X4X1/2X3/8LLBB,2L
2L6X4X1/2X3/4LLBB,2L
2L6X4X7/16LLBB,2L
2L6X4X7/16X3/8LLBB,2L
2L6X4X7/16X3/4LLBB,2L
2L6X4X3/8LLBB,2L
2L6X4X3/8X3/8LLBB,2L
2L6X4X3/8X3/4LLBB,2L
2L6X4X5/16LLBB,2L
2L6X4X5/16X3/8LLBB,2L
2L6X4X5/16X3/4LLBB,2L
2L6X3-1/2X1/2LLBB,2L
2L6X3-1/2X1/2X3/8LLBB,2L
2L6X3-1/2X1/2X3/4LLBB,2L
2L6X3-1/2X3/8LLBB,2L
2L6X3-1/2X3/8X3/8LLBB,2L
2L6X3-1/2X3/8X3/4LLBB,2L
2L6X3-1/2X5/16LLBB,2L
2L6X3-1/2X5/16X3/8LLBB,2L
2L6X3-1/2X5/16X3/4LLBB,2L
2L5X3-1/2X3/4LLBB,2L
2L5X3-1/2X3/4X3/8LLBB,2L
2L5X3-1/2X3/4X3/4LLBB,2L
2L5X3-1/2X5/8LLBB,2L
2L5X3-1/2X5/8X3/8LLBB,2L
2L5X3-1/2X5/8X3/4LLBB,2L
2L5X3-1/2X1/2LLBB,2L
2L5X3-1/2X1/2X3/8LLBB,2L
2L5X3-1/2X1/2X3/4LLBB,2L
2L5X3-1/2X3/8LLBB,2L
2L5X3-1/2X3/8X3/8LLBB,2L
2L5X3-1/2X3/8X3/4LLBB,2L
2L5X3-1/2X5/16LLBB,2L
2L5X3-1/2X5/16X3/8LLBB,2L
2L5X3-1/2X5/16X3/4LLBB,2L
2L5X3-1/2X1/4LLBB,2L
2L5X3-1/2X1/4X3/8LLBB,2L
2L5X3-1/2X1/4X3/4LLBB,2L
2L5X3X1/2LLBB,2L
2L5X3X1/2X3/8LLBB,2L
2L5X3X1/2X3/4LLBB,2L
2L5X3X7/16LLBB,2L
2L5X3X7/16X3/8LLBB,2L
2L5X3X7/16X3/4LLBB,2L
2L5X3X3/8LLBB,2L
2L5X3X3/8X3/8LLBB,2L
2L5X3X3/8X3/4LLBB,2L
2L5X3X5/16LLBB,2L
2L5X3X5/16X3/8LLBB,2L
2L5X3X5/16X3/4LLBB,2L
2L5X3X1/4LLBB,2L
2L5X3X1/4X3/8LLBB,2L
2L5X3X1/4X3/4LLBB,2L
2L4X3-1/2X1/2LLBB,2L
2L4X3-1/2X1/2X3/8LLBB,2L
2L4X3-1/2X1/2X3/4LLBB,2L
2L4X3-1/2X3/8LLBB,2L
2L4X3-1/2X3/8X3/8LLBB,2L
2L4X3-1/2X3/8X3/4LLBB,2L
2L4X3-1/2X5/16LLBB,2L
2L4X3-1/2X5/16X3/8LLBB,2L
2L4X3-1/2X5/16X3/4LLBB,2L
2L4X3-1/2X1/4LLBB,2L
2L4X3-1/2X1/4X3/8LLBB,2L
2L4X3-1/2X1/4X3/4LLBB,2L
2L4X3X5/8LLBB,2L
2L4X3X5/8X3/8LLBB,2L
2L4X3X5/8X3/4LLBB,2L
2L4X3X1/2LLBB,2L
2L4X3X1/2X3/8LLBB,2L
2L4X3X1/2X3/4LLBB,2L
2L4X3X3/8LLBB,2L
2L4X3X3/8X3/8LLBB,2L
2L4X3X3/8X3/4LLBB,2L
2L4X3X5/16LLBB,2L
2L4X3X5/16X3/8LLBB,2L
2L4X3X5/16X3/4LLBB,2L
2L4X3X1/4LLBB,2L
2L4X3X1/4X3/8LLBB,2L
2L4X3X1/4X3/4LLBB,2L
2L3-1/2X3X1/2LLBB,2L
2L3-1/2X3X1/2X3/8LLBB,2L
2L3-1/2X3X1/2X3/4LLBB,2L
2L3-1/2X3X7/16LLBB,2L
2L3-1/2X3X7/16X3/8LLBB,2L
2L3-1/2X3X7/16X3/4LLBB,2L
2L3-1/2X3X3/8LLBB,2L
2L3-1/2X3X3/8X3/8LLBB,2L
2L3-1/2X3X3/8X3/4LLBB,2L
2L3-1/2X3X5/16LLBB,2L
2L3-1/2X3X5/16X3/8LLBB,2L
2L3-1/2X3X5/16X3/4LLBB,2L
2L3-1/2X3X1/4LLBB,2L
2L3-1/2X3X1/4X3/8LLBB,2L
2L3-1/2X3X1/4X3/4LLBB,2L
2L3-1/2X2-1/2X1/2LLBB,2L
2L3-1/2X2-1/2X1/2X3/8LLBB,2L
2L3-1/2X2-1/2X1/2X3/4LLBB,2L
2L3-1/2X2-1/2X3/8LLBB,2L
2L3-1/2X2-1/2X3/8X3/8LLBB,2L
2L3-1/2X2-1/2X3/8X3/4LLBB,2L
2L3-1/2X2-1/2X5/16LLBB,2L
2L3-1/2X2-1/2X5/16X3/8LLBB,2L
2L3-1/2X2-1/2X5/16X3/4LLBB,2L
2L3-1/2X2-1/2X1/4LLBB,2L
2L3-1/2X2-1/2X1/4X3/8LLBB,2L
2L3-1/2X2-1/2X1/4X3/4LLBB,2L
2L3X2-1/2X1/2LLBB,2L
2L3X2-1/2X1/2X3/8LLBB,2L
2L3X2-1/2X1/2X3/4LLBB,2L
2L3X2-1/2X7/16LLBB,2L
2L3X2-1/2X7/16X3/8LLBB,2L
2L3X2-1/2X7/16X3/4LLBB,2L
2L3X2-1/2X3/8LLBB,2L
2L3X2-1/2X3/8X3/8LLBB,2L
2L3X2-1/2X3/8X3/4LLBB,2L
2L3X2-1/2X5/16LLBB,2L
2L3X2-1/2X5/16X3/8LLBB,2L
2L3X2-1/2X5/16X3/4LLBB,2L
2L3X2-1/2X1/4LLBB,2L
2L3X2-1/2X1/4X3/8LLBB,2L
2L3X2-1/2X1/4X3/4LLBB,2L
2L3X2-1/2X3/16LLBB,2L
2L3X2-1/2X3/16X3/8LLBB,2L
2L3X2-1/2X3/16X3/4LLBB,2L
2L3X2X1/2LLBB,2L
2L3X2X1/2X3/8LLBB,2L
2L3X2X1/2X3/4LLBB,2L
2L3X2X3/8LLBB,2L
2L3X2X3/8X3/8LLBB,2L
2L3X2X3/8X3/4LLBB,2L
2L3X2X5/16LLBB,2L
2L3X2X5/16X3/8LLBB,2L
2L3X2X5/16X3/4LLBB,2L
2L3X2X1/4LLBB,2L
2L3X2X1/4X3/8LLBB,2L
2L3X2X1/4X3/4LLBB,2L
2L3X2X3/16LLBB,2L
2L3X2X3/16X3/8LLBB,2L
2L3X2X3/16X3/4LLBB,2L
2L2-1/2X2X3/8LLBB,2L
2L2-1/2X2X3/8X3/8LLBB,2L
2L2-1/2X2X3/8X3/4LLBB,2L
2L2-1/2X2X5/16LLBB,2L
2L2-1/2X2X5/16X3/8LLBB,2L
2L2-1/2X2X5/16X3/4LLBB,2L
2L2-1/2X2X1/4LLBB,2L
2L2-1/2X2X1/4X3/8LLBB,2L
2L2-1/2X2X1/4X3/4LLBB,2L
2L2-1/2X2X3/16LLBB,2L
2L2-1/2X2X3/16X3/8LLBB,2L
2L2-1/2X2X3/16X3/4LLBB,2L
2L2-1/2X1-1/2X1/4LLBB,2L
2L2-1/2X1-1/2X1/4X3/8LLBB,2L
2L2-1/2X1-1/2X1/4X3/4LLBB,2L
2L2-1/2X1-1/2X3/16LLBB,2L
2L2-1/2X1-1/2X3/16X3/8LLBB,2L
2L2-1/2X1-1/2X3/16X3/4LLBB,2L
2L8X6X1SLBB,2L
2L8X6X1X3/8SLBB,2L
2L8X6X1X3/4SLBB,2L
2L8X6X7/8SLBB,2L
2L8X6X7/8X3/8SLBB,2L
2L8X6X7/8X3/4SLBB,2L
2L8X6X3/4SLBB,2L
2L8X6X3/4X3/8SLBB,2L
2L8X6X3/4X3/4SLBB,2L
2L8X6X5/8SLBB,2L
2L8X6X5/8X3/8SLBB,2L
2L8X6X5/8X3/4SLBB,2L
2L8X6X9/16SLBB,2L
2L8X6X9/16X3/8SLBB,2L
2L8X6X9/16X3/4SLBB,2L
2L8X6X1/2SLBB,2L
2L8X6X1/2X3/8SLBB,2L
2L8X6X1/2X3/4SLBB,2L
2L8X6X7/16SLBB,2L
2L8X6X7/16X3/8SLBB,2L
2L8X6X7/16X3/4SLBB,2L
2L8X4X1SLBB,2L
2L8X4X1X3/8SLBB,2L
2L8X4X1X3/4SLBB,2L
2L8X4X7/8SLBB,2L
2L8X4X7/8X3/8SLBB,2L
2L8X4X7/8X3/4SLBB,2L
2L8X4X3/4SLBB,2L
2L8X4X3/4X3/8SLBB,2L
2L8X4X3/4X3/4SLBB,2L
2L8X4X5/8SLBB,2L
2L8X4X5/8X3/8SLBB,2L
2L8X4X5/8X3/4SLBB,2L
2L8X4X9/16SLBB,2L
2L8X4X9/16X3/8SLBB,2L
2L8X4X9/16X3/4SLBB,2L
2L8X4X1/2SLBB,2L
2L8X4X1/2X3/8SLBB,2L
2L8X4X1/2X3/4SLBB,2L
2L8X4X7/16SLBB,2L
2L8X4X7/16X3/8SLBB,2L
2L8X4X7/16X3/4SLBB,2L
2L7X4X3/4SLBB,2L
2L7X4X3/4X3/8SLBB,2L
2L7X4X3/4X3/4SLBB,2L
2L7X4X5/8SLBB,2L
2L7X4X5/8X3/8SLBB,2L
2L7X4X5/8X3/4SLBB,2L
2L7X4X1/2SLBB,2L
2L7X4X1/2X3/8SLBB,2L
2L7X4X1/2X3/4SLBB,2L
2L7X4X7/16SLBB,2L
2L7X4X7/16X3/8SLBB,2L
2L7X4X7/16X3/4SLBB,2L
2L7X4X3/8SLBB,2L
2L7X4X3/8X3/8SLBB,2L
2L7X4X3/8X3/4SLBB,2L
2L6X4X7/8SLBB,2L
2L6X4X7/8X3/8SLBB,2L
2L6X4X7/8X3/4SLBB,2L
2L6X4X3/4SLBB,2L
2L6X4X3/4X3/8SLBB,2L
2L6X4X3/4X3/4SLBB,2L
2L6X4X5/8SLBB,2L
2L6X4X5/8X3/8SLBB,2L
2L6X4X5/8X3/4SLBB,2L
2L6X4X9/16SLBB,2L
2L6X4X9/16X3/8SLBB,2L
2L6X4X9/16X3/4SLBB,2L
2L6X4X1/2SLBB,2L
2L6X4X1/2X3/8SLBB,2L
2L6X4X1/2X3/4SLBB,2L
2L6X4X7/16SLBB,2L
2L6X4X7/16X3/8SLBB,2L
2L6X4X7/16X3/4SLBB,2L
2L6X4X3/8SLBB,2L
2L6X4X3/8X3/8SLBB,2L
2L6X4X3/8X3/4SLBB,2L
2L6X4X5/16SLBB,2L
2L6X4X5/16X3/8SLBB,2L
2L6X4X5/16X3/4SLBB,2L
2L6X3-1/2X1/2SLBB,2L
2L6X3-1/2X1/2X3/8SLBB,2L
2L6X3-1/2X1/2X3/4SLBB,2L
2L6X3-1/2X3/8SLBB,2L
2L6X3-1/2X3/8X3/8SLBB,2L
2L6X3-1/2X3/8X3/4SLBB,2L
2L6X3-1/2X5/16SLBB,2L
2L6X3-1/2X5/16X3/8SLBB,2L
2L6X3-1/2X5/16X3/4SLBB,2L
2L5X3-1/2X3/4SLBB,2L
2L5X3-1/2X3/4X3/8SLBB,2L
2L5X3-1/2X3/4X3/4SLBB,2L
2L5X3-1/2X5/8SLBB,2L
2L5X3-1/2X5/8X3/8SLBB,2L
2L5X3-1/2X5/8X3/4SLBB,2L
2L5X3-1/2X1/2SLBB,2L
2L5X3-1/2X1/2X3/8SLBB,2L
2L5X3-1/2X1/2X3/4SLBB,2L
2L5X3-1/2X3/8SLBB,2L
2L5X3-1/2X3/8X3/8SLBB,2L
2L5X3-1/2X3/8X3/4SLBB,2L
2L5X3-1/2X5/16SLBB,2L
2L5X3-1/2X5/16X3/8SLBB,2L
2L5X3-1/2X5/16X3/4SLBB,2L
2L5X3-1/2X1/4SLBB,2L
2L5X3-1/2X1/4X3/8SLBB,2L
2L5X3-1/2X1/4X3/4SLBB,2L
2L5X3X1/2SLBB,2L
2L5X3X1/2X3/8SLBB,2L
2L5X3X1/2X3/4SLBB,2L
2L5X3X7/16SLBB,2L
2L5X3X7/16X3/8SLBB,2L
2L5X3X7/16X3/4SLBB,2L
2L5X3X3/8SLBB,2L
2L5X3X3/8X3/8SLBB,2L
2L5X3X3/8X3/4SLBB,2L
2L5X3X5/16SLBB,2L
2L5X3X5/16X3/8SLBB,2L
2L5X3X5/16X3/4SLBB,2L
2L5X3X1/4SLBB,2L
2L5X3X1/4X3/8SLBB,2L
2L5X3X1/4X3/4SLBB,2L
2L4X3-1/2X1/2SLBB,2L
2L4X3-1/2X1/2X3/8SLBB,2L
2L4X3-1/2X1/2X3/4SLBB,2L
2L4X3-1/2X3/8SLBB,2L
2L4X3-1/2X3/8X3/8SLBB,2L
2L4X3-1/2X3/8X3/4SLBB,2L
2L4X3-1/2X5/16SLBB,2L
2L4X3-1/2X5/16X3/8SLBB,2L
2L4X3-1/2X5/16X3/4SLBB,2L
2L4X3-1/2X1/4SLBB,2L
2L4X3-1/2X1/4X3/8SLBB,2L
2L4X3-1/2X1/4X3/4SLBB,2L
2L4X3X5/8SLBB,2L
2L4X3X5/8X3/8SLBB,2L
2L4X3X5/8X3/4SLBB,2L
2L4X3X1/2SLBB,2L
2L4X3X1/2X3/8SLBB,2L
2L4X3X1/2X3/4SLBB,2L
2L4X3X3/8SLBB,2L
2L4X3X3/8X3/8SLBB,2L
2L4X3X3/8X3/4SLBB,2L
2L4X3X5/16SLBB,2L
2L4X3X5/16X3/8SLBB,2L
2L4X3X5/16X3/4SLBB,2L
2L4X3X1/4SLBB,2L
2L4X3X1/4X3/8SLBB,2L
2L4X3X1/4X3/4SLBB,2L
2L3-1/2X3X1/2SLBB,2L
2L3-1/2X3X1/2X3/8SLBB,2L
2L3-1/2X3X1/2X3/4SLBB,2L
2L3-1/2X3X7/16SLBB,2L
2L3-1/2X3X7/16X3/8SLBB,2L
2L3-1/2X3X7/16X3/4SLBB,2L
2L3-1/2X3X3/8SLBB,2L
2L3-1/2X3X3/8X3/8SLBB,2L
2L3-1/2X3X3/8X3/4SLBB,2L
2L3-1/2X3X5/16SLBB,2L
2L3-1/2X3X5/16X3/8SLBB,2L
2L3-1/2X3X5/16X3/4SLBB,2L
2L3-1/2X3X1/4SLBB,2L
2L3-1/2X3X1/4X3/8SLBB,2L
2L3-1/2X3X1/4X3/4SLBB,2L
2L3-1/2X2-1/2X1/2SLBB,2L
2L3-1/2X2-1/2X1/2X3/8SLBB,2L
2L3-1/2X2-1/2X1/2X3/4SLBB,2L
2L3-1/2X2-1/2X3/8SLBB,2L
2L3-1/2X2-1/2X3/8X3/8SLBB,2L
2L3-1/2X2-1/2X3/8X3/4SLBB,2L
2L3-1/2X2-1/2X5/16SLBB,2L
2L3-1/2X2-1/2X5/16X3/8SLBB,2L
2L3-1/2X2-1/2X5/16X3/4SLBB,2L
2L3-1/2X2-1/2X1/4SLBB,2L
2L3-1/2X2-1/2X1/4X3/8SLBB,2L
2L3-1/2X2-1/2X1/4X3/4SLBB,2L
2L3X2-1/2X1/2SLBB,2L
2L3X2-1/2X1/2X3/8SLBB,2L
2L3X2-1/2X1/2X3/4SLBB,2L
2L3X2-1/2X7/16SLBB,2L
2L3X2-1/2X7/16X3/8SLBB,2L
2L3X2-1/2X7/16X3/4SLBB,2L
2L3X2-1/2X3/8SLBB,2L
2L3X2-1/2X3/8X3/8SLBB,2L
2L3X2-1/2X3/8X3/4SLBB,2L
2L3X2-1/2X5/16SLBB,2L
2L3X2-1/2X5/16X3/8SLBB,2L
2L3X2-1/2X5/16X3/4SLBB,2L
2L3X2-1/2X1/4SLBB,2L
2L3X2-1/2X1/4X3/8SLBB,2L
2L3X2-1/2X1/4X3/4SLBB,2L
2L3X2-1/2X3/16SLBB,2L
2L3X2-1/2X3/16X3/8SLBB,2L
2L3X2-1/2X3/16X3/4SLBB,2L
2L3X2X1/2SLBB,2L
2L3X2X1/2X3/8SLBB,2L
2L3X2X1/2X3/4SLBB,2L
2L3X2X3/8SLBB,2L
2L3X2X3/8X3/8SLBB,2L
2L3X2X3/8X3/4SLBB,2L
2L3X2X5/16SLBB,2L
2L3X2X5/16X3/8SLBB,2L
2L3X2X5/16X3/4SLBB,2L
2L3X2X1/4SLBB,2L
2L3X2X1/4X3/8SLBB,2L
2L3X2X1/4X3/4SLBB,2L
2L3X2X3/16SLBB,2L
2L3X2X3/16X3/8SLBB,2L
2L3X2X3/16X3/4SLBB,2L
2L2-1/2X2X3/8SLBB,2L
2L2-1/2X2X3/8X3/8SLBB,2L
2L2-1/2X2X3/8X3/4SLBB,2L
2L2-1/2X2X5/16SLBB,2L
2L2-1/2X2X5/16X3/8SLBB,2L
2L2-1/2X2X5/16X3/4SLBB,2L
2L2-1/2X2X1/4SLBB,2L
2L2-1/2X2X1/4X3/8SLBB,2L
2L2-1/2X2X1/4X3/4SLBB,2L
2L2-1/2X2X3/16SLBB,2L
2L2-1/2X2X3/16X3/8SLBB,2L
2L2-1/2X2X3/16X3/4SLBB,2L
2L2-1/2X1-1/2X1/4SLBB,2L
2L2-1/2X1-1/2X1/4X3/8SLBB,2L
2L2-1/2X1-1/2X1/4X3/4SLBB,2L
2L2-1/2X1-1/2X3/16SLBB,2L
2L2-1/2X1-1/2X3/16X3/8SLBB,2L
2L2-1/2X1-1/2X3/16X3/4SLBB,2L
HSS34X10X1,HSS
HSS34X10X7/8,HSS
HSS34X10X3/4,HSS
HSS34X10X5/8,HSS
HSS30X10X1,HSS
HSS30X10X7/8,HSS
HSS30X10X3/4,HSS
HSS30X10X5/8,HSS
HSS30X10X1/2,HSS
HSS24X20X3/4,HSS
HSS24X20X5/8,HSS
HSS24X20X1/2,HSS
HSS24X20X3/8,HSS
HSS24X20X5/16,HSS
HSS24X18X3/4,HSS
HSS24X18X5/8,HSS
HSS24X18X1/2,HSS
HSS24X18X3/8,HSS
HSS24X18X5/16,HSS
HSS24X16X3/4,HSS
HSS24X16X5/8,HSS
HSS24X16X1/2,HSS
HSS24X16X3/8,HSS
HSS24X16X5/16,HSS
HSS24X14X3/4,HSS
HSS24X14X5/8,HSS
HSS24X14X1/2,HSS
HSS24X14X3/8,HSS
HSS24X14X5/16,HSS
HSS24X14X1/4,HSS
HSS24X12X1,HSS
HSS24X12X7/8,HSS
HSS24X12X3/4,HSS
HSS24X12X5/8,HSS
HSS24X12X1/2,HSS
HSS24X12X3/8,HSS
HSS24X12X5/16,HSS
HSS24X12X1/4,HSS
HSS24X8X1/2,HSS
HSS24X8X3/8,HSS
HSS24X8X5/16,HSS
HSS24X8X1/4,HSS
HSS22X22X1,HSS
HSS22X22X7/8,HSS
HSS22X22X3/4,HSS
HSS22X22X5/8,HSS
HSS22X22X1/2,HSS
HSS22X20X3/4,HSS
HSS22X20X5/8,HSS
HSS22X20X1/2,HSS
HSS22X20X3/8,HSS
HSS22X20X5/16,HSS
HSS22X18X3/4,HSS
HSS22X18X5/8,HSS
HSS22X18X1/2,HSS
HSS22X18X3/8,HSS
HSS22X18X5/16,HSS
HSS22X16X3/4,HSS
HSS22X16X5/8,HSS
HSS22X16X1/2,HSS
HSS22X16X3/8,HSS
HSS22X16X5/16,HSS
HSS22X16X1/4,HSS
HSS22X14X3/4,HSS
HSS22X14X5/8,HSS
HSS22X14X1/2,HSS
HSS22X14X3/8,HSS
HSS22X14X5/16,HSS
HSS22X14X1/4,HSS
HSS22X10X5/8,HSS
HSS22X10X1/2,HSS
HSS22X10X3/8,HSS
HSS22X10X5/16,HSS
HSS22X10X1/4,HSS
HSS20X20X1,HSS
HSS20X20X7/8,HSS
HSS20X20X3/4,HSS
HSS20X20X5/8,HSS
HSS20X20X1/2,HSS
HSS20X20X3/8,HSS
HSS20X20X5/16,HSS
HSS20X16X3/4,HSS
HSS20X16X5/8,HSS
HSS20X16X1/2,HSS
HSS20X16X3/8,HSS
HSS20X16X5/16,HSS
HSS20X16X1/4,HSS
HSS20X12X1,HSS
HSS20X12X7/8,HSS
HSS20X12X3/4,HSS
HSS20X12X5/8,HSS
HSS20X12X1/2,HSS
HSS20X12X3/8,HSS
HSS20X12X5/16,HSS
HSS20X8X1,HSS
HSS20X8X7/8,HSS
HSS20X8X3/4,HSS
HSS20X8X5/8,HSS
HSS20X8X1/2,HSS
HSS20X8X3/8,HSS
HSS20X8X5/16,HSS
HSS20X6X5/8,HSS
HSS20X6X1/2,HSS
HSS20X6X3/8,HSS
HSS20X6X5/16,HSS
HSS20X6X1/4,HSS
HSS20X4X1/2,HSS
HSS20X4X3/8,HSS
HSS20X4X5/16,HSS
HSS20X4X1/4,HSS
HSS18X18X1,HSS
HSS18X18X7/8,HSS
HSS18X18X3/4,HSS
HSS18X18X5/8,HSS
HSS18X18X1/2,HSS
HSS18X18X3/8,HSS
HSS18X18X5/16,HSS
HSS18X18X1/4,HSS
HSS18X10X5/8,HSS
HSS18X10X1/2,HSS
HSS18X10X3/8,HSS
HSS18X10X5/16,HSS
HSS18X10X1/4,HSS
HSS18X8X5/8,HSS
HSS18X8X1/2,HSS
HSS18X8X3/8,HSS
HSS18X8X5/16,HSS
HSS18X8X1/4,HSS
HSS18X6X3/4,HSS
HSS18X6X5/8,HSS
HSS18X6X1/2,HSS
HSS18X6X3/8,HSS
HSS18X6X5/16,HSS
HSS18X6X1/4,HSS
HSS16X16X1,HSS
HSS16X16X7/8,HSS
HSS16X16X3/4,HSS
HSS16X16X5/8,HSS
HSS16X16X1/2,HSS
HSS16X16X3/8,HSS
HSS16X16X5/16,HSS
HSS16X16X1/4,HSS
HSS16X12X1,HSS
HSS16X12X7/8,HSS
HSS16X12X3/4,HSS
HSS16X12X5/8,HSS
HSS16X12X1/2,HSS
HSS16X12X3/8,HSS
HSS16X12X5/16,HSS
HSS16X10X5/8,HSS
HSS16X10X1/2,HSS
HSS16X10X3/8,HSS
HSS16X10X5/16,HSS
HSS16X10X1/4,HSS
HSS16X8X7/8,HSS
HSS16X8X3/4,HSS
HSS16X8X5/8,HSS
HSS16X8X1/2,HSS
HSS16X8X3/8,HSS
HSS16X8X5/16,HSS
HSS16X8X1/4,HSS
HSS16X6X5/8,HSS
HSS16X6X1/2,HSS
HSS16X6X3/8,HSS
HSS16X6X5/16,HSS
HSS16X6X1/4,HSS
HSS16X6X3/16,HSS
HSS16X4X5/8,HSS
HSS16X4X1/2,HSS
HSS16X4X3/8,HSS
HSS16X4X5/16,HSS
HSS16X4X1/4,HSS
HSS16X4X3/16,HSS
HSS14X14X1,HSS
HSS14X14X7/8,HSS
HSS14X14X3/4,HSS
HSS14X14X5/8,HSS
HSS14X14X1/2,HSS
HSS14X14X3/8,HSS
HSS14X14X5/16,HSS
HSS14X14X1/4,HSS
HSS14X12X5/8,HSS
HSS14X12X1/2,HSS
HSS14X12X3/8,HSS
HSS14X12X5/16,HSS
HSS14X12X1/4,HSS
HSS14X10X7/8,HSS
HSS14X10X3/4,HSS
HSS14X10X5/8,HSS
HSS14X10X1/2,HSS
HSS14X10X3/8,HSS
HSS14X10X5/16,HSS
HSS14X10X1/4,HSS
HSS14X8X5/8,HSS
HSS14X8X1/2,HSS
HSS14X8X3/8,HSS
HSS14X8X5/16,HSS
HSS14X8X1/4,HSS
HSS14X8X3/16,HSS
HSS14X6X5/8,HSS
HSS14X6X1/2,HSS
HSS14X6X3/8,HSS
HSS14X6X5/16,HSS
HSS14X6X1/4,HSS
HSS14X6X3/16,HSS
HSS14X4X5/8,HSS
HSS14X4X1/2,HSS
HSS14X4X3/8,HSS
HSS14X4X5/16,HSS
HSS14X4X1/4,HSS
HSS14X4X3/16,HSS
HSS12X12X1,HSS
HSS12X12X7/8,HSS
HSS12X12X3/4,HSS
HSS12X12X5/8,HSS
HSS12X12X1/2,HSS
HSS12X12X3/8,HSS
HSS12X12X5/16,HSS
HSS12X12X1/4,HSS
HSS12X12X3/16,HSS
HSS12X10X5/8,HSS
HSS12X10X1/2,HSS
HSS12X10X3/8,HSS
HSS12X10X5/16,HSS
HSS12X10X1/4,HSS
HSS12X10X3/16,HSS
HSS12X8X5/8,HSS
HSS12X8X1/2,HSS
HSS12X8X3/8,HSS
HSS12X8X5/16,HSS
HSS12X8X1/4,HSS
HSS12X8X3/16,HSS
HSS12X6X5/8,HSS
HSS12X6X1/2,HSS
HSS12X6X3/8,HSS
HSS12X6X5/16,HSS
HSS12X6X1/4,HSS
HSS12X6X3/16,HSS
HSS12X4X5/8,HSS
HSS12X4X1/2,HSS
HSS12X4X3/8,HSS
HSS12X4X5/16,HSS
HSS12X4X1/4,HSS
HSS12X4X3/16,HSS
HSS12X3X5/16,HSS
HSS12X3X1/4,HSS
HSS12X3X3/16,HSS
HSS12X2X5/16,HSS
HSS12X2X1/4,HSS
HSS12X2X3/16,HSS
HSS10X10X3/4,HSS
HSS10X10X5/8,HSS
HSS10X10X1/2,HSS
HSS10X10X3/8,HSS
HSS10X10X5/16,HSS
HSS10X10X1/4,HSS
HSS10X10X3/16,HSS
HSS10X8X5/8,HSS
HSS10X8X1/2,HSS
HSS10X8X3/8,HSS
HSS10X8X5/16,HSS
HSS10X8X1/4,HSS
HSS10X8X3/16,HSS
HSS10X6X5/8,HSS
HSS10X6X1/2,HSS
HSS10X6X3/8,HSS
HSS10X6X5/16,HSS
HSS10X6X1/4,HSS
HSS10X6X3/16,HSS
HSS10X5X3/8,HSS
HSS10X5X5/16,HSS
HSS10X5X1/4,HSS
HSS10X4X5/8,HSS
HSS10X4X1/2,HSS
HSS10X4X3/8,HSS
HSS10X4X5/16,HSS
HSS10X4X1/4,HSS
HSS10X4X3/16,HSS
HSS10X4X1/8,HSS
HSS10X3-1/2X3/8,HSS
HSS10X3-1/2X5/16,HSS
HSS10X3-1/2X1/4,HSS
HSS10X3-1/2X3/16,HSS
HSS10X3X3/8,HSS
HSS10X3X5/16,HSS
HSS10X3X1/4,HSS
HSS10X3X3/16,HSS
HSS10X3X1/8,HSS
HSS10X2X3/8,HSS
HSS10X2X5/16,HSS
HSS10X2X1/4,HSS
HSS10X2X3/16,HSS
HSS10X2X1/8,HSS
HSS9X9X5/8,HSS
HSS9X9X1/2,HSS
HSS9X9X3/8,HSS
HSS9X9X5/16,HSS
HSS9X9X1/4,HSS
HSS9X9X3/16,HSS
HSS9X9X1/8,HSS
HSS9X7X5/8,HSS
HSS9X7X1/2,HSS
HSS9X7X3/8,HSS
HSS9X7X5/16,HSS
HSS9X7X1/4,HSS
HSS9X7X3/16,HSS
HSS9X5X5/8,HSS
HSS9X5X1/2,HSS
HSS9X5X3/8,HSS
HSS9X5X5/16,HSS
HSS9X5X1/4,HSS
HSS9X5X3/16,HSS
HSS9X3X1/2,HSS
HSS9X3X3/8,HSS
HSS9X3X5/16,HSS
HSS9X3X1/4,HSS
HSS9X3X3/16,HSS
HSS8X8X5/8,HSS
HSS8X8X1/2,HSS
HSS8X8X3/8,HSS
HSS8X8X5/16,HSS
HSS8X8X1/4,HSS
HSS8X8X3/16,HSS
HSS8X8X1/8,HSS
HSS8X6X5/8,HSS
HSS8X6X1/2,HSS
HSS8X6X3/8,HSS
HSS8X6X5/16,HSS
HSS8X6X1/4,HSS
HSS8X6X3/16,HSS
HSS8X4X5/8,HSS
HSS8X4X1/2,HSS
HSS8X4X3/8,HSS
HSS8X4X5/16,HSS
HSS8X4X1/4,HSS
HSS8X4X3/16,HSS
HSS8X4X1/8,HSS
HSS8X3X1/2,HSS
HSS8X3X3/8,HSS
HSS8X3X5/16,HSS
HSS8X3X1/4,HSS
HSS8X3X3/16,HSS
HSS8X3X1/8,HSS
HSS8X2X1/2,HSS
HSS8X2X3/8,HSS
HSS8X2X5/16,HSS
HSS8X2X1/4,HSS
HSS8X2X3/16,HSS
HSS8X2X1/8,HSS
HSS7X7X5/8,HSS
HSS7X7X1/2,HSS
HSS7X7X3/8,HSS
HSS7X7X5/16,HSS
HSS7X7X1/4,HSS
HSS7X7X3/16,HSS
HSS7X7X1/8,HSS
HSS7X5X1/2,HSS
HSS7X5X3/8,HSS
HSS7X5X5/16,HSS
HSS7X5X1/4,HSS
HSS7X5X3/16,HSS
HSS7X5X1/8,HSS
HSS7X4X1/2,HSS
HSS7X4X3/8,HSS
HSS7X4X5/16,HSS
HSS7X4X1/4,HSS
HSS7X4X3/16,HSS
HSS7X4X1/8,HSS
HSS7X3X1/2,HSS
HSS7X3X3/8,HSS
HSS7X3X5/16,HSS
HSS7X3X1/4,HSS
HSS7X3X3/16,HSS
HSS7X3X1/8,HSS
HSS7X2X1/4,HSS
HSS7X2X3/16,HSS
HSS7X2X1/8,HSS
HSS6X6X5/8,HSS
HSS6X6X1/2,HSS
HSS6X6X3/8,HSS
HSS6X6X5/16,HSS
HSS6X6X1/4,HSS
HSS6X6X3/16,HSS
HSS6X6X1/8,HSS
HSS6X5X1/2,HSS
HSS6X5X3/8,HSS
HSS6X5X5/16,HSS
HSS6X5X1/4,HSS
HSS6X5X3/16,HSS
HSS6X5X1/8,HSS
HSS6X4X1/2,HSS
HSS6X4X3/8,HSS
HSS6X4X5/16,HSS
HSS6X4X1/4,HSS
HSS6X4X3/16,HSS
HSS6X4X1/8,HSS
HSS6X3X1/2,HSS
HSS6X3X3/8,HSS
HSS6X3X5/16,HSS
HSS6X3X1/4,HSS
HSS6X3X3/16,HSS
HSS6X3X1/8,HSS
HSS6X2X3/8,HSS
HSS6X2X5/16,HSS
HSS6X2X1/4,HSS
HSS6X2X3/16,HSS
HSS6X2X1/8,HSS
HSS5-1/2X5-1/2X3/8,HSS
HSS5-1/2X5-1/2X5/16,HSS
HSS5-1/2X5-1/2X1/4,HSS
HSS5-1/2X5-1/2X3/16,HSS
HSS5-1/2X5-1/2X1/8,HSS
HSS5X5X1/2,HSS
HSS5X5X3/8,HSS
HSS5X5X5/16,HSS
HSS5X5X1/4,HSS
HSS5X5X3/16,HSS
HSS5X5X1/8,HSS
HSS5X4X1/2,HSS
HSS5X4X3/8,HSS
HSS5X4X5/16,HSS
HSS5X4X1/4,HSS
HSS5X4X3/16,HSS
HSS5X4X1/8,HSS
HSS5X3X1/2,HSS
HSS5X3X3/8,HSS
HSS5X3X5/16,HSS
HSS5X3X1/4,HSS
HSS5X3X3/16,HSS
HSS5X3X1/8,HSS
HSS5X2-1/2X1/4,HSS
HSS5X2-1/2X3/16,HSS
HSS5X2-1/2X1/8,HSS
HSS5X2X3/8,HSS
HSS5X2X5/16,HSS
HSS5X2X1/4,HSS
HSS5X2X3/16,HSS
HSS5X2X1/8,HSS
HSS4-1/2X4-1/2X1/2,HSS
HSS4-1/2X4-1/2X3/8,HSS
HSS4-1/2X4-1/2X5/16,HSS
HSS4-1/2X4-1/2X1/4,HSS
HSS4-1/2X4-1/2X3/16,HSS
HSS4-1/2X4-1/2X1/8,HSS
HSS4X4X1/2,HSS
HSS4X4X3/8,HSS
HSS4X4X5/16,HSS
HSS4X4X1/4,HSS
HSS4X4X3/16,HSS
HSS4X4X1/8,HSS
HSS4X3X3/8,HSS
HSS4X3X5/16,HSS
HSS4X3X1/4,HSS
HSS4X3X3/16,HSS
HSS4X3X1/8,HSS
HSS4X2-1/2X1/4,HSS
HSS4X2-1/2X3/16,HSS
HSS4X2-1/2X1/8,HSS
HSS4X2X3/8,HSS
HSS4X2X5/16,HSS
HSS4X2X1/4,HSS
HSS4X2X3/16,HSS
HSS4X2X1/8,HSS
HSS4X1-1/2X1/4,HSS
HSS4X1-1/2X3/16,HSS
HSS4X1-1/2X1/8,HSS
HSS3-1/2X3-1/2X3/8,HSS
HSS3-1/2X3-1/2X5/16,HSS
HSS3-1/2X3-1/2X1/4,HSS
HSS3-1/2X3-1/2X3/16,HSS
HSS3-1/2X3-1/2X1/8,HSS
HSS3-1/2X2-1/2X3/8,HSS
HSS3-1/2X2-1/2X5/16,HSS
HSS3-1/2X2-1/2X1/4,HSS
HSS3-1/2X2-1/2X3/16,HSS
HSS3-1/2X2-1/2X1/8,HSS
HSS3-1/2X2X1/4,HSS
HSS3-1/2X2X3/16,HSS
HSS3-1/2X2X1/8,HSS
HSS3-1/2X1-1/2X1/4,HSS
HSS3-1/2X1-1/2X3/16,HSS
HSS3-1/2X1-1/2X1/8,HSS
HSS3X3X3/8,HSS
HSS3X3X5/16,HSS
HSS3X3X1/4,HSS
HSS3X3X3/16,HSS
HSS3X3X1/8,HSS
HSS3X2-1/2X5/16,HSS
HSS3X2-1/2X1/4,HSS
HSS3X2-1/2X3/16,HSS
HSS3X2-1/2X1/8,HSS
HSS3X2X5/16,HSS
HSS3X2X1/4,HSS
HSS3X2X3/16,HSS
HSS3X2X1/8,HSS
HSS3X1-1/2X1/4,HSS
HSS3X1-1/2X3/16,HSS
HSS3X1-1/2X1/8,HSS
HSS3X1X3/16,HSS
HSS3X1X1/8,HSS
HSS2-1/2X2-1/2X5/16,HSS
HSS2-1/2X2-1/2X1/4,HSS
HSS2-1/2X2-1/2X3/16,HSS
HSS2-1/2X2-1/2X1/8,HSS
HSS2-1/2X2X1/4,HSS
HSS2-1/2X2X3/16,HSS
HSS2-1/2X2X1/8,HSS
HSS2-1/2X1-1/2X1/4,HSS
HSS2-1/2X1-1/2X3/16,HSS
HSS2-1/2X1-1/2X1/8,HSS
HSS2-1/2X1X3/16,HSS
HSS2-1/2X1X1/8,HSS
HSS2-1/4X2-1/4X1/4,HSS
HSS2-1/4X2-1/4X3/16,HSS
HSS2-1/4X2-1/4X1/8,HSS
HSS2X2X1/4,HSS
HSS2X2X3/16,HSS
HSS2X2X1/8,HSS
HSS2X1-1/2X3/16,HSS
HSS2X1-1/2X1/8,HSS
HSS2X1X3/16,HSS
HSS2X1X1/8,HSS
HSS1-1/2X1-1/2X1/4,HSS
HSS1-1/2X1-1/2X3/16,HSS
HSS1-1/2X1-1/2X1/8,HSS
HSS28.000X1.000,HSS
HSS28.000X0.875,HSS
HSS28.000X0.750,HSS
HSS28.000X0.625,HSS
HSS28.000X0.500,HSS
HSS28.000X0.375,HSS
HSS26.000X0.750,HSS
HSS26.000X0.625,HSS
HSS26.000X0.500,HSS
HSS26.000X0.375,HSS
HSS26.000X0.313,HSS
HSS24.000X1.000,HSS
HSS24.000X0.875,HSS
HSS24.000X0.750,HSS
HSS24.000X0.625,HSS
HSS24.000X0.500,HSS
HSS24.000X0.375,HSS
HSS24.000X0.313,HSS
HSS22.000X0.750,HSS
HSS22.000X0.625,HSS
HSS22.000X0.500,HSS
HSS22.000X0.375,HSS
HSS22.000X0.313,HSS
HSS20.000X1.000,HSS
HSS20.000X0.875,HSS
HSS20.000X0.750,HSS
HSS20.000X0.625,HSS
HSS20.000X0.500,HSS
HSS20.000X0.375,HSS
HSS20.000X0.313,HSS
HSS20.000X0.250,HSS
HSS18.000X1.000,HSS
HSS18.000X0.875,HSS
HSS18.000X0.750,HSS
HSS18.000X0.625,HSS
HSS18.000X0.500,HSS
HSS18.000X0.375,HSS
HSS18.000X0.313,HSS
HSS18.000X0.250,HSS
HSS16.000X1.000,HSS
HSS16.000X0.875,HSS
HSS16.000X0.750,HSS
HSS16.000X0.625,HSS
HSS16.000X0.500,HSS
HSS16.000X0.438,HSS
HSS16.000X0.375,HSS
HSS16.000X0.312,HSS
HSS16.000X0.250,HSS
HSS14.000X1.000,HSS
HSS14.000X0.875,HSS
HSS14.000X0.750,HSS
HSS14.000X0.625,HSS
HSS14.000X0.500,HSS
HSS14.000X0.375,HSS
HSS14.000X0.312,HSS
HSS14.000X0.250,HSS
HSS14.000X0.188,HSS
HSS13.375X0.625,HSS
HSS13.375X0.500,HSS
HSS13.375X0.375,HSS
HSS13.375X0.313,HSS
HSS13.375X0.250,HSS
HSS13.375X0.188,HSS
HSS12.750X0.750,HSS
HSS12.750X0.625,HSS
HSS12.750X0.500,HSS
HSS12.750X0.375,HSS
HSS12.750X0.250,HSS
HSS12.750X0.188,HSS
HSS12.000X0.625,HSS
HSS12.000X0.500,HSS
HSS12.000X0.375,HSS
HSS12.000X0.250,HSS
HSS11.750X0.625,HSS
HSS11.750X0.500,HSS
HSS11.750X0.375,HSS
HSS11.750X0.337,HSS
HSS11.750X0.250,HSS
HSS10.750X0.625,HSS
HSS10.750X0.500,HSS
HSS10.750X0.375,HSS
HSS10.750X0.313,HSS
HSS10.750X0.250,HSS
HSS10.750X0.188,HSS
HSS10.000X0.625,HSS
HSS10.000X0.500,HSS
HSS10.000X0.375,HSS
HSS10.000X0.312,HSS
HSS10.000X0.250,HSS
HSS10.000X0.188,HSS
HSS9.625X0.625,HSS
HSS9.625X0.500,HSS
HSS9.625X0.375,HSS
HSS9.625X0.312,HSS
HSS9.625X0.250,HSS
HSS9.625X0.188,HSS
HSS8.625X0.625,HSS
HSS8.625X0.500,HSS
HSS8.625X0.375,HSS
HSS8.625X0.322,HSS
HSS8.625X0.250,HSS
HSS8.625X0.188,HSS
HSS7.500X0.500,HSS
HSS7.500X0.375,HSS
HSS7.500X0.312,HSS
HSS7.500X0.250,HSS
HSS7.500X0.188,HSS
HSS7.000X0.500,HSS
HSS7.000X0.375,HSS
HSS7.000X0.312,HSS
HSS7.000X0.250,HSS
HSS7.000X0.188,HSS
HSS7.000X0.125,HSS
HSS6.875X0.375,HSS
HSS6.875X0.312,HSS
HSS6.875X0.250,HSS
HSS6.875X0.188,HSS
HSS6.625X0.500,HSS
HSS6.625X0.432,HSS
HSS6.625X0.375,HSS
HSS6.625X0.312,HSS
HSS6.625X0.280,HSS
HSS6.625X0.250,HSS
HSS6.625X0.188,HSS
HSS6.625X0.125,HSS
HSS6.000X0.500,HSS
HSS6.000X0.375,HSS
HSS6.000X0.312,HSS
HSS6.000X0.280,HSS
HSS6.000X0.250,HSS
HSS6.000X0.188,HSS
HSS6.000X0.125,HSS
HSS5.563X0.500,HSS
HSS5.563X0.375,HSS
HSS5.563X0.258,HSS
HSS5.563X0.188,HSS
HSS5.563X0.134,HSS
HSS5.500X0.500,HSS
HSS5.500X0.375,HSS
HSS5.500X0.258,HSS
HSS5.000X0.500,HSS
HSS5.000X0.375,HSS
HSS5.000X0.312,HSS
HSS5.000X0.258,HSS
HSS5.000X0.250,HSS
HSS5.000X0.188,HSS
HSS5.000X0.125,HSS
HSS4.500X0.375,HSS
HSS4.500X0.337,HSS
HSS4.500X0.237,HSS
HSS4.500X0.188,HSS
HSS4.500X0.125,HSS
HSS4.000X0.313,HSS
HSS4.000X0.250,HSS
HSS4.000X0.237,HSS
HSS4.000X0.226,HSS
HSS4.000X0.220,HSS
HSS4.000X0.188,HSS
HSS4.000X0.125,HSS
HSS3.500X0.313,HSS
HSS3.500X0.300,HSS
HSS3.500X0.250,HSS
HSS3.500X0.216,HSS
HSS3.500X0.203,HSS
HSS3.500X0.188,HSS
HSS3.500X0.125,HSS
HSS3.000X0.250,HSS
HSS3.000X0.216,HSS
HSS3.000X0.203,HSS
HSS3.000X0.188,HSS
HSS3.000X0.152,HSS
HSS3.000X0.134,HSS
HSS3.000X0.125,HSS
HSS2.875X0.250,HSS
HSS2.875X0.203,HSS
HSS2.875X0.188,HSS
HSS2.875X0.125,HSS
HSS2.500X0.250,HSS
HSS2.500X0.188,HSS
HSS2.500X0.125,HSS
HSS2.375X0.250,HSS
HSS2.375X0.218,HSS
HSS2.375X0.188,HSS
HSS2.375X0.154,HSS
HSS2.375X0.125,HSS
HSS1.900X0.188,HSS
HSS1.900X0.145,HSS
HSS1.900X0.120,HSS
HSS1.660X0.140,HSS
Pipe26STD,PIPE
Pipe24STD,PIPE
Pipe20STD,PIPE
Pipe18STD,PIPE
Pipe16STD,PIPE
Pipe14STD,PIPE
Pipe12STD,PIPE
Pipe10STD,PIPE
Pipe8STD,PIPE
Pipe6STD,PIPE
Pipe5STD,PIPE
Pipe4STD,PIPE
Pipe3-1/2STD,PIPE
Pipe3STD,PIPE
Pipe2-1/2STD,PIPE
Pipe2STD,PIPE
Pipe1-1/2STD,PIPE
Pipe1-1/4STD,PIPE
Pipe1STD,PIPE
Pipe3/4STD,PIPE
Pipe1/2STD,PIPE
Pipe26XS,PIPE
Pipe24XS,PIPE
Pipe20XS,PIPE
Pipe18XS,PIPE
Pipe16XS,PIPE
Pipe14XS,PIPE
Pipe12XS,PIPE
Pipe10XS,PIPE
Pipe8XS,PIPE
Pipe6XS,PIPE
Pipe5XS,PIPE
Pipe4XS,PIPE
Pipe3-1/2XS,PIPE
Pipe3XS,PIPE
Pipe2-1/2XS,PIPE
Pipe2XS,PIPE
Pipe1-1/2XS,PIPE
Pipe1-1/4XS,PIPE
Pipe1XS,PIPE
Pipe3/4XS,PIPE
Pipe1/2XS,PIPE
Pipe12XXS,PIPE
Pipe10XXS,PIPE
Pipe8XXS,PIPE
Pipe6XXS,PIPE
Pipe5XXS,PIPE
Pipe4XXS,PIPE
Pipe3XXS,PIPE
Pipe2-1/2XXS,PIPE
Pipe2XXS,PIPE
