id,filename,pages,token_count,known_count,unknown_count,uncertain_count,created_at
c2aca669,ST - Springhill Lake.pdf,28,137,85,52,48,2026-07-22T10:38:23.087701+00:00
a3ce92fe,1200 K_Permit_Bid_Dwgs - Structural.pdf,39,81,57,24,7,2026-07-22T10:47:36.163552+00:00
93e196bc,Burrville ES - ST.pdf,29,125,76,49,5,2026-07-22T10:49:12.865200+00:00
34e0fb1c,GCDC Building 4 - ST1.pdf,81,176,143,33,7,2026-07-22T10:50:39.996732+00:00
a1716602,ST.pdf,23,81,43,38,0,2026-07-22T10:54:10.974396+00:00
5f8f2d97,ST - Springhill Lake.pdf,28,137,85,52,1,2026-07-22T10:55:59.382452+00:00
4bb2f6be,03 - SFSLS_251029_ISSUED FOR BID_2A_STRUCTURAL complied thru add 2.pdf,45,180,110,70,0,2026-07-22T10:58:35.185496+00:00
ffe6f9c0,1200 K_Permit_Bid_Dwgs - Structural.pdf,39,81,57,24,0,2026-07-22T12:40:25.719183+00:00
f25dff71,1200 K_Permit_Bid_Dwgs - Structural.pdf,39,81,57,24,0,2026-07-22T13:08:53.047413+00:00
065bee6c-8669-43bf-974c-fb53baac0d40,ST.pdf,23,81,43,38,0,2026-07-22T13:37:23.543916+00:00
c6442ffe-403d-4736-8c14-1baf6a82f7dd,1200 K_Permit_Bid_Dwgs - Structural.pdf,39,81,57,24,0,2026-07-22T14:05:16.038868+00:00
34a6d204-44da-47e7-91ed-084ae1ebac9e,GCDC Building 4 - ST1.pdf,81,176,143,33,3,2026-07-23T08:31:53.622122+00:00
291831dc-146a-4786-834b-4b4b81c0dca3,ST.pdf,23,81,43,38,1,2026-07-23T11:20:36.974420+00:00
a3ae7744-b5aa-4eeb-853c-46d0ba464541,03 - SFSLS_251029_ISSUED FOR BID_2A_STRUCTURAL complied thru add 2.pdf,45,180,110,70,4,2026-07-23T11:26:07.090120+00:00
e0cf089f-443d-44fa-b098-bf6baf8c99b3,1200 K_Permit_Bid_Dwgs - Structural.pdf,39,81,57,24,1,2026-07-24T07:26:04.176243+00:00
72f87aca-fc5c-43db-8fd7-a1c61edac7de,Burrville ES - ST.pdf,29,125,76,49,5,2026-07-24T08:21:41.767416+00:00
7a4de02a-124c-4bb5-bf0a-520e973124dc,GCDC Building 4 - ST1.pdf,81,176,143,33,5,2026-07-24T10:35:56.223170+00:00
e687cdb3-6ad2-43a5-bf82-664179902e20,03 - SFSLS_251029_ISSUED FOR BID_2A_STRUCTURAL complied thru add 2.pdf,45,180,110,70,3,2026-07-24T10:45:00.830915+00:00
63bb2ee9-a1d3-4575-aae6-c0fff9f0d71f,ST - Springhill Lake.pdf,28,137,85,52,4,2026-07-24T10:52:25.056034+00:00
65bdc952-2383-4ca0-b605-00ba7e64075e,Burrville ES - ST.pdf,29,125,76,49,5,2026-07-27T10:11:09.717704+00:00
b75aebb9-9336-4a11-bbc2-0919703514dc,Structure - Copy.pdf,17,57,45,12,2,2026-07-27T10:33:03.134369+00:00
c57112a2-7999-47c9-a7cf-e8b8d08cfb90,1200 K_Permit_Bid_Dwgs - Structural.pdf,39,81,57,24,8,2026-07-27T11:01:30.881917+00:00
40709617-7f27-4dac-9bbd-ac8a44eb79aa,ST - Springhill Lake.pdf,28,137,85,52,5,2026-07-28T10:52:14.414284+00:00
0e095994-15f2-40d4-8853-3f490bbd9b9c,ST - Springhill Lake.pdf,28,137,85,52,5,2026-07-28T11:42:52.624915+00:00
20cbe820-973c-4d91-99ea-de1c92a504ce,Burrville ES - ST.pdf,29,125,76,49,5,2026-07-28T13:42:21.312471+00:00
a3aa0b79-7cba-4c19-b049-67e9c88c96d4,Burrville ES - ST.pdf,29,125,76,49,5,2026-07-28T13:43:02.842071+00:00
4eafc33e-9392-4c6a-bab0-61b081fa54ae,1200 K_Permit_Bid_Dwgs - Structural.pdf,39,81,57,24,7,2026-07-28T14:18:27.233412+00:00
13e72ab3-f61d-4a51-862f-1176bcfe67c2,1200 K_Permit_Bid_Dwgs - Structural.pdf,39,81,57,24,7,2026-07-28T14:18:49.361105+00:00
a04afa59-9cdb-436b-b1b6-28d072a86e94,1200 K_Permit_Bid_Dwgs - Structural.pdf,39,81,57,24,7,2026-07-28T14:24:21.397523+00:00
41c8730a-c0d5-403b-ae25-854c481bdfdc,Burrville ES - ST.pdf,29,125,76,49,5,2026-07-28T14:25:27.346396+00:00
5a3122ef-3b3a-4611-89fc-bcfded2dcc57,Burrville ES - ST.pdf,29,129,77,52,5,2026-07-29T06:41:31.829514+00:00
6b7278f9-9939-455e-804c-46e6de1f7fcd,Burrville ES - ST.pdf,29,129,77,52,8,2026-07-29T07:43:43.997892+00:00
4c815cd3-0651-4ab4-84bd-d2db05d027de,Structure - Copy.pdf,17,69,48,21,5,2026-07-29T08:46:00.564828+00:00
9354c8ac-cb4c-4653-b39b-c1567253ecab,1200 K_Permit_Bid_Dwgs - Structural.pdf,39,499,473,26,131,2026-07-29T12:30:45.775387+00:00
fda4ab95-effb-4a64-846c-63a65b50e478,upload_smoke.pdf,1,5,4,1,2,2026-07-29T22:07:38.150914+00:00
11eb92b6-8375-47bb-8a2f-ba9f82c7b70a,1200 K_Permit_Bid_Dwgs - Structural.pdf,39,537,478,59,133,2026-07-29T22:08:21.432965+00:00
4586d348-e118-4d6d-ad21-4a88816298f0,upload_smoke.pdf,1,5,4,1,2,2026-07-29T22:17:14.456626+00:00
d327ff15-0212-472c-8b4d-9694af5e570c,upload_smoke.pdf,1,5,4,1,2,2026-07-29T22:17:25.683689+00:00
7d9e3017-9336-4dab-a29c-a0845779ff28,upload_smoke.pdf,1,5,4,1,2,2026-07-29T22:20:17.174286+00:00
1a187790-4043-4459-83c5-c6360a11a206,upload_smoke.pdf,1,5,4,1,2,2026-07-29T22:20:28.203650+00:00
4b9b19a0-0cc4-47ff-9522-8cbb241616c9,Structure - Copy.pdf,17,362,327,35,79,2026-07-29T23:26:41.829168+00:00
4f5be4cd-84be-41ff-8d50-f7b119c5d60a,Burrville ES - ST.pdf,29,1109,838,271,293,2026-07-29T23:29:59.268039+00:00
46377adb-645b-4365-acae-f7e8e54366f6,1200 K_Permit_Bid_Dwgs - Structural.pdf,39,537,478,59,133,2026-07-29T23:35:17.846049+00:00
305b7fed-a379-4aff-b0aa-e8b82ff51fa1,Structure - Copy.pdf,17,362,327,35,79,2026-07-29T23:38:00.184975+00:00
0b649426-b85e-4540-b3bc-e88cc423154c,Structure - Copy.pdf,17,362,327,35,79,2026-07-29T23:39:19.550561+00:00
5cb47100-1e0d-49c2-8f8e-99ab2a7ed14c,1200 K_Permit_Bid_Dwgs - Structural.pdf,39,537,478,59,133,2026-07-29T23:51:01.031266+00:00
73cab55f-4b03-4441-912b-ddba651c3575,Burrville ES - ST.pdf,29,1109,838,271,293,2026-07-29T23:53:41.361368+00:00
f22dd7fe-7793-48d8-8491-d6da3d80ea43,Structure - Copy.pdf,17,362,327,35,79,2026-07-29T23:54:27.749697+00:00
69f7e800-d954-4fa2-8625-8a2e00cd7934,Structure - Copy.pdf,17,362,327,35,79,2026-07-29T23:55:46.115022+00:00
201a3243-3b0d-416e-9b0e-a53433b75b6b,upload_smoke.pdf,1,5,4,1,2,2026-07-29T23:59:15.441513+00:00
75776473-befe-4701-b2cf-cbcf8f62583c,1200 K_Permit_Bid_Dwgs - Structural.pdf,39,537,478,59,133,2026-07-30T13:00:33.429659+00:00
79afe2b0-f79e-4c2b-8120-dac54c277a9a,ST.pdf,23,735,526,209,290,2026-07-31T07:55:06.793298+00:00
2a8869cf-485a-4a4b-9ceb-6fec73f9363a,ST.pdf,23,735,526,209,290,2026-07-31T08:22:09.634980+00:00
8ceb97ec-fea1-4a27-af43-7b330467ca9f,ST.pdf,23,735,526,209,290,2026-07-31T08:22:56.874788+00:00
f0dfdc18-cb20-4a47-acf8-52d1146a0d0f,ST.pdf,23,735,526,209,290,2026-07-31T08:24:15.356050+00:00
82062c48-7154-42c6-b0c4-76063fdb4991,ST.pdf,23,735,526,209,290,2026-07-31T08:29:32.855757+00:00
18144c78-d064-48a1-87c3-e8f554b89641,Structure - Copy.pdf,17,344,321,23,135,2026-07-31T09:53:08.414803+00:00
23f6b2d1-b26e-45fa-947c-6fca0d0df1c3,ST - Springhill Lake.pdf,28,768,720,48,317,2026-07-31T12:05:25.891295+00:00
83578862-721a-450e-b35d-29bf718cd5ac,ST.pdf,23,567,535,32,231,2026-08-03T10:25:55.466286+00:00
b8d5aed9-7540-4b43-b095-4988d42d8a28,ST.pdf,23,555,555,0,61,2026-08-03T13:42:09.803953+00:00
43e63609-2345-4e40-9b5e-ad5063beb1a8,ST.pdf,23,555,555,0,61,2026-08-03T13:45:39.060027+00:00
94a77469-3c7f-4249-b7d8-1d2fa11bd103,ST.pdf,23,555,555,0,61,2026-08-03T13:48:26.711015+00:00
76a7eff6-4295-4f33-bb8b-b2e41bab29fc,ST.pdf,23,555,555,0,61,2026-08-03T13:57:05.967856+00:00
dca01b59-b59b-402d-9012-fc454fcca3f8,ST.pdf,23,555,555,0,61,2026-08-03T13:58:48.420354+00:00
f3ca7f5e-d029-479e-bcfb-0301928e294b,ST - Springhill Lake.pdf,28,769,769,0,51,2026-08-03T14:21:32.021259+00:00
9448a784-b52d-454e-853d-d7ff3d860c59,Burrville ES - ST.pdf,29,848,848,0,621,2026-08-04T15:00:16.973356+00:00
25fb0581-0a20-48a8-a43f-afe61ab6435a,ST - Springhill Lake.pdf,28,774,774,0,409,2026-08-05T11:39:44.544004+00:00
59c8e6bc-2377-4f4c-92de-4204fee39bdd,1200 K_Permit_Bid_Dwgs - Structural.pdf,39,473,473,0,361,2026-08-05T11:49:15.306510+00:00
5b85fc48-4287-4891-95c2-3fecf195c547,ST - Springhill Lake.pdf,28,774,774,0,409,2026-08-05T13:38:12.661536+00:00
b7f14a60-88b9-472a-bfcf-6ad465c60465,Burrville ES - ST.pdf,29,848,848,0,557,2026-08-06T09:40:59.241049+00:00
84f5f49c-4a4c-466d-9638-1a76e1b64628,ST.pdf,23,568,568,0,304,2026-08-06T09:50:52.885753+00:00
bae77a85-e2cf-426e-9133-d5fe8e383ddd,Burrville ES - ST.pdf,29,911,909,2,631,2026-08-10T08:58:32.100902+00:00
a8ca8f4c-001e-42a9-ad40-ef643c426a35,ST - Springhill Lake.pdf,28,766,766,0,572,2026-08-10T11:00:13.512168+00:00
8431b775-a6ae-49d3-87c6-7033d47e5a75,1200 K_Permit_Bid_Dwgs - Structural.pdf,39,491,491,0,459,2026-08-10T13:02:31.121305+00:00
ecd1517b-12f3-497c-93f3-7d13857cae26,ST - Springhill Lake.pdf,28,793,793,0,592,2026-08-11T07:28:00.603761+00:00
9ce01887-bae9-4aee-9b69-9c56e60485cb,ST.pdf,23,577,577,0,377,2026-08-11T09:25:36.065524+00:00
77eec0c5-f893-41c5-9294-ff1e1fa3f6f8,ST.pdf,23,570,570,0,482,2026-08-11T10:32:36.950261+00:00
4154103a-bbfe-4874-9887-5abaa3ec198c,Burrville ES - ST.pdf,29,920,920,0,898,2026-08-11T11:13:59.240873+00:00
e29d1406-01b2-4a0a-8ddc-282cbc39d1a3,Burrville ES - ST.pdf,29,876,876,0,698,2026-08-12T11:47:12.553345+00:00
87d28abd-d894-4a8f-8803-bd48d6a4956b,Burrville ES - ST.pdf,29,876,876,0,698,2026-08-12T12:01:01.845783+00:00
b292a190-9889-47ca-8e6a-ca2cc62eccba,Burrville ES - ST.pdf,29,876,876,0,698,2026-08-12T12:09:09.895191+00:00
8030b67a-ec33-4188-bc57-b8a41b8c47f9,Burrville ES - ST.pdf,29,875,875,0,697,2026-08-12T12:18:37.156158+00:00
390047e5-8531-4633-bc9e-6a2bd464d4f9,Burrville ES - ST.pdf,29,875,875,0,697,2026-08-12T12:31:51.445328+00:00
626ee426-2c51-4117-a27b-392bdda92b3d,Burrville ES - ST.pdf,29,875,875,0,714,2026-08-12T13:18:04.944219+00:00
9ac91a16-0d89-423e-b392-0760f16c1726,GCDC Building 4 - ST1.pdf,81,2502,2502,0,721,2026-08-13T10:49:27.989847+00:00
f94a0901-4b99-4c2b-ade5-f0ca39f6fe7d,GCDC Building 4 - ST1.pdf,81,3556,3000,556,1530,2026-09-01T12:25:01.048979+00:00
f678359d-34ba-46e3-8e2a-a890bb19cb73,GCDC Building 4 - ST1.pdf,81,3556,3000,556,1530,2026-09-01T12:44:31.672403+00:00
573b7ea1-7380-4764-90e7-a5dd9d11ff77,ST.pdf,23,633,559,74,308,2026-09-01T13:25:40.273576+00:00
3f1e005b-8610-40c6-a351-9fda7afb69af,Burrville ES - ST.pdf,29,1322,1114,208,685,2026-09-01T13:31:53.084197+00:00
a4d62c85-af96-475f-aea5-bdaf0e0d04cf,GCDC Building 4 - ST1.pdf,81,3536,2980,556,1308,2026-09-01T13:43:09.091519+00:00
e3046ec2-c94e-4022-8bd9-ca2cb0dce1ae,ST.pdf,23,633,559,74,267,2026-09-02T06:52:09.989474+00:00
a75b4b20-86f3-41e3-95ed-490c52bc14d8,Structure - Copy.pdf,17,454,321,133,214,2026-09-02T07:04:08.290904+00:00
26b5a953-b7ad-442a-8f90-e7428def6aa5,1200 K_Permit_Bid_Dwgs - Structural.pdf,39,691,515,176,453,2026-09-02T07:10:02.661676+00:00
e6198d39-e2ce-4e17-a1ed-8bb1979f54cd,GCDC Building 4 - ST1.pdf,81,3538,2982,556,1392,2026-09-02T07:18:47.879312+00:00
ea3bb0da-084c-4601-b13d-4442f65f4b9a,Burrville ES - ST.pdf,29,1091,920,171,512,2026-09-02T09:01:14.375371+00:00
8b5136e4-9d1c-4148-ae11-e5f2b2f24ffd,ST.pdf,23,491,455,36,248,2026-09-04T08:38:08.699285+00:00
91994609-13a4-45ca-8e1b-e6dd20ec164f,Burrville ES - ST.pdf,29,834,743,91,393,2026-09-04T09:45:14.826094+00:00
1643c7ea-3e6f-407f-b0a8-d74b54d90b85,Burrville ES - ST.pdf,29,834,743,91,535,2026-09-04T09:57:56.638932+00:00
38b3ea77-8266-4758-b143-3c1d010bb698,Burrville ES - ST.pdf,29,834,743,91,535,2026-09-04T10:13:45.996080+00:00
d524dd2a-e9e4-4cb0-a3a4-fd0c767fea84,Burrville ES - ST.pdf,29,1018,898,120,498,2026-09-04T10:30:38.805682+00:00
5f3938c6-2661-4981-8dee-c497a2dd322f,Burrville ES - ST.pdf,29,1018,898,120,498,2026-09-04T12:47:39.435170+00:00
8b214070-7ef5-445b-9f17-25f4b514c6b7,Burrville ES - ST.pdf,29,913,898,15,471,2026-09-04T14:02:57.365518+00:00
79b18241-65ad-40ee-b287-8b0ae871159a,Structure - Copy.pdf,17,363,361,2,112,2026-09-07T06:25:59.714571+00:00
bb4b3bd8-44c7-4a64-8e71-fce9cd9c61f0,Burrville ES - ST.pdf,29,913,898,15,442,2026-09-07T07:16:48.584625+00:00
926d6a86-6b59-4493-b0c0-3369974e2729,03 - SFSLS_251029_ISSUED FOR BID_2A_STRUCTURAL complied thru add 2.pdf,45,705,705,0,333,2026-09-07T08:35:45.035239+00:00
c62798f0-a9cd-41c3-b3e0-d78bc015634c,03 - SFSLS_251029_ISSUED FOR BID_2A_STRUCTURAL complied thru add 2.pdf,45,705,705,0,333,2026-09-07T08:38:53.640334+00:00
244f323b-2d70-4af3-b6ee-d08fcac57fa0,Burrville ES - ST.pdf,29,869,869,0,372,2026-09-07T09:57:07.154480+00:00
886fd32a-3ab8-4234-8eda-e1a82e933fee,Burrville ES - ST.pdf,29,869,869,0,412,2026-09-07T10:14:54.426820+00:00
ba379774-22d0-4a4e-beb3-5ffcd6b1c5e5,Burrville ES - ST.pdf,29,857,857,0,361,2026-09-07T11:03:26.718224+00:00
0709b0f0-0188-4e13-a732-145afc99bc29,Burrville ES - ST.pdf,29,857,857,0,369,2026-09-07T11:40:54.578152+00:00
faaa962f-7af4-477b-81fd-7a6882b2d12e,Burrville ES - ST.pdf,29,857,857,0,369,2026-09-07T12:10:18.929520+00:00
d77d2c72-6766-45bc-9267-c1868b1645c2,Burrville ES - ST.pdf,29,854,854,0,246,2026-09-08T11:13:37.862092+00:00
4c26860e-dada-4076-b899-7fd098b2ae66,Burrville ES - ST.pdf,29,854,854,0,249,2026-09-08T11:30:25.016205+00:00
1a3907c4-2021-4681-aa05-c2f7f9ba7f65,ST.pdf,23,699,699,0,83,2026-09-08T11:36:19.659105+00:00
9318bf00-465b-4271-94ce-ebc5695bbf42,ST - Springhill Lake.pdf,28,792,792,0,159,2026-09-08T11:45:53.075613+00:00
22b8a2f5-817e-4f13-a99e-af8e8fdc5139,ST - Springhill Lake.pdf,28,792,792,0,159,2026-09-08T11:48:59.410176+00:00
fbc5d4ff-761b-495e-a41a-8d6f1179c288,Burrville ES - ST.pdf,29,863,863,0,249,2026-09-09T08:23:25.109735+00:00
c6575bcc-adcb-498f-8321-d0ed53940a3c,ST - Springhill Lake.pdf,28,802,802,0,159,2026-09-09T08:31:03.677009+00:00
f3984f14-ae6a-4366-a986-a66aca149238,Burrville ES - ST.pdf,29,863,863,0,249,2026-09-09T08:35:11.295717+00:00
f67c1354-c421-494c-8551-07f3aa70f108,ST.pdf,23,699,699,0,83,2026-09-09T08:38:22.782022+00:00
4431078d-f208-4c6f-bee0-c27639d6f9a6,Structure - Copy.pdf,17,464,462,2,6,2026-09-09T08:42:54.260148+00:00
630d71f7-5a2d-4f19-9432-295cdc87bac3,Burrville ES - ST.pdf,29,863,863,0,250,2026-09-09T09:25:57.515987+00:00
48ce1839-2323-4135-992c-b654957cd5fc,ST - Springhill Lake.pdf,28,802,802,0,160,2026-09-09T09:30:00.810787+00:00
6f943d62-22d6-485d-8d85-4b842f45dc07,Burrville ES - ST.pdf,29,863,863,0,250,2026-09-09T11:53:39.509173+00:00
65662eef-ca0c-46df-98af-fcc43f5868d9,FnF_Structure.pdf,13,170,164,6,5,2026-09-13T17:29:45.133579+00:00
364ecda2-5841-48dd-89b2-a496db8961f2,ST-Runnymede ES.pdf,9,58,57,1,1,2026-09-23T07:47:43.715440+00:00
176c5767-b627-4bf0-8fea-4a5b47702e9e,03 - SFSLS_251029_ISSUED FOR BID_2A_STRUCTURAL complied thru add 2.pdf,45,594,594,0,10,2026-09-23T08:31:30.137982+00:00
0e9c9e9e-aaf5-44c6-b5b6-be9ec59d56b8,Struct.pdf,24,1229,1189,40,39,2026-09-23T09:45:47.892232+00:00
90e4e3b5-c650-4578-bf2d-354f2a5f563b,Struct.pdf,24,1229,1189,40,39,2026-09-23T10:23:08.826639+00:00
e66e90f0-6b16-47f0-b1f9-e76c2a64f84e,Struct.pdf,24,1433,1280,153,185,2026-09-23T10:57:52.701714+00:00
49780c30-b7f5-43fd-b7fc-dc2167cd429d,Struct.pdf,24,1433,1280,153,185,2026-09-23T11:10:06.074034+00:00
dcf05cd4-ef18-4ddf-9d4b-d260ae27f7f5,ST-Runnymede ES.pdf,9,60,59,1,1,2026-09-23T11:26:33.983251+00:00
f0c5e5e2-6299-4286-b6b1-439f4a3611f8,Struct.pdf,24,1433,1280,153,185,2026-09-23T11:53:13.927335+00:00
77f76f88-0deb-40bd-93c3-d1031a6ccb85,20251015_2100 Crystal Drive - Addendum 1_Arch.pdf,181,4,0,4,0,2026-09-24T08:33:42.881535+00:00
a2ba5b6c-a09a-4547-bed5-3b11d395729d,A-2025-09-19_252003_Addendum A - 4400 Base Bldg Dwgs.pdf,215,241,224,17,22,2026-09-24T09:16:30.706890+00:00
55d790e5-04d0-4526-964e-7bcf7a10a493,ST-Elmer Wolfe ES.pdf,9,67,66,1,5,2026-09-24T10:01:59.247738+00:00
20aefde2-f7ab-4511-b759-a01a50858a3e,ST-Robert Moton ES.pdf,11,73,69,4,0,2026-09-24T10:05:12.936529+00:00
f009a023-0d97-4c61-8ac4-30e6af6d48ed,ST-Runnymede ES.pdf,9,60,59,1,1,2026-09-24T10:07:11.551494+00:00
2e605572-d089-4748-bb23-60b72e9ec70e,GCDC Building 4 - ST1.pdf,81,3161,2850,311,43,2026-09-24T10:16:56.519965+00:00
00bd726f-96f6-4552-87f1-52377842b484,Struct.pdf,24,1433,1280,153,185,2026-09-24T13:28:06.319109+00:00
f06063d7-4fbc-48b1-81ee-7c574f966199,ST.pdf,23,734,734,0,58,2026-09-24T14:09:22.598420+00:00
344a9285-151b-4f2a-8d0c-a66be4e92d62,ST.pdf,23,833,833,0,137,2026-09-24T14:43:42.200285+00:00
47c362f9-b5ec-4f1b-bc24-f20aa1b7ad67,ST.pdf,23,833,833,0,137,2026-09-25T10:09:03.789889+00:00
0c164467-e01a-4d3f-9e68-6e359ea91de9,03 - SFSLS_251029_ISSUED FOR BID_2A_STRUCTURAL complied thru add 2.pdf,45,594,594,0,10,2026-09-25T10:58:28.208006+00:00
38d00206-c338-4d15-bdfa-5396f991fa0a,ST-Elmer Wolfe ES__0cbd857dc6c2.pdf,9,66,65,1,5,2026-09-28T06:22:31.320086+00:00
4049d0c0-ff35-4c21-a461-efc05475468f,ST-Runnymede ES.pdf,9,59,58,1,1,2026-09-28T06:25:09.280600+00:00
0920f212-0ffb-4703-acc7-5dae18c75a07,ST.pdf,13,385,382,3,3,2026-09-28T06:27:54.237105+00:00
4cefa27f-4d29-4011-a0b1-c707d47c871d,Struct.pdf,24,1428,1257,171,183,2026-09-28T06:36:20.054504+00:00
aa13b295-90ce-45f8-817e-487e15f2b494,ST.pdf,23,831,831,0,135,2026-09-28T06:42:36.320885+00:00
7a7ff183-963e-407c-afce-014caed209bf,Struct.pdf,24,1451,1137,314,42,2026-09-28T09:13:15.370165+00:00
715ad38f-1828-4916-8e7d-1a1d6d6cbe48,Struct.pdf,24,1454,1156,298,32,2026-09-28T10:06:04.040633+00:00
0fbea684-bf82-410b-a271-39706fc1d6fc,Struct.pdf,24,1436,1299,137,175,2026-09-29T08:52:01.504683+00:00
dca65dcf-e9c4-4bc7-add2-0bd0fc1d0e17,ST-Spring Garden ES.pdf,8,66,64,2,3,2026-09-29T09:07:14.726138+00:00
c6961874-130b-40e3-8370-47b42f63a267,ST-Robert Moton ES.pdf,11,94,90,4,7,2026-09-29T09:09:05.875893+00:00
110cd4de-8f6f-4c61-bea2-4a84939ea00a,ST-Runnymede ES.pdf,9,60,59,1,1,2026-09-29T09:11:57.305561+00:00
3d0b07e6-5246-4eaf-9ca2-25da6a5ec8bb,Struct.pdf,24,1436,1299,137,175,2026-09-29T09:21:56.344563+00:00
34a41947-900a-42a4-b2ac-befc092af3e9,Burrville ES - ST.pdf,29,864,863,1,0,2026-09-29T09:31:04.896373+00:00
e1a24680-781f-4e42-865e-02201c8d5020,ST.pdf,23,834,834,0,138,2026-09-29T10:32:10.105359+00:00
3f8a0174-1642-43c2-8a47-bc9a76a5cbc2,Struct.pdf,24,1436,1299,137,175,2026-09-29T13:19:57.101704+00:00
86efafde-4bf2-44e1-913f-a9c79f3ffead,ST.pdf,23,834,834,0,138,2026-09-30T14:46:47.046797+00:00
3ebbfbe8-ecc5-4e2f-95a1-8ffebca5cf53,Burrville ES - ST.pdf,29,864,863,1,0,2026-10-01T06:10:34.213131+00:00
9f2212f5-80c1-41fa-b74e-fdb31dc78e7e,Burrville ES - ST.pdf,29,864,863,1,0,2026-10-01T07:04:50.274957+00:00
